{
	"powers": [
		"phaser:iceskin",
        "origins:unwieldy",
        "phaser:icesize",
        "phaser:sinkinwater",
        "phaser:phasewater",
        "origins:vegetarian",
        "phaser:heavyspeed",
        "phaser:nojump",
        "phaser:resistance",
        "phaser:harderpunch"

	],
	"icon": "minecraft:blue_ice",
	"order": 15,
	"impact": 3,
    "name": "Ice Phaser",
    "description": "You are an unknown entity able to control the phases of matter within yourself.",
    "unchoosable": true
}