{
	"powers": [
		"phaser:steamskin",
        "origins:unweildy",
        "phaser:phaseice",
        "phaser:steamsize",
        "origins:water_vulnerability",
        "phaser:lighten",
        "origins:vegetarian",
        "origins:fragile",
        "phaser:light_weight",
        "phaser:speedy"
	],
	"icon": "minecraft:light_gray_stained_glass",
	"order": 15,
	"impact": 3,
    "name": "Steam Phaser",
    "description": "You are an unknown entity able to control the phases of matter within yourself.",
    "unchoosable": true
}