{
	"powers": [
		"phaser:born_from_water",
        "origins:swim_speed",
        "origins:vegetarian",
        "phaser:double_breath",
        "origins:aqua_affinity",
        "origins:like_water",
        "phaser:blending",
        "phaser:water_dash",
        "phaser:water_need",
        "origins:water_vision",
        "phaser:fukinjesus",
        "phaser:phasesteam",
        "phaser:double_fire",
        "origins:claustrophobia"
	],
	"icon": "minecraft:water_bucket",
	"order": 15,
	"impact": 3,
    "name": "Water Phaser",
    "description": "You are an unknown entity able to control the phases of matter within yourself."
}