{
    "powers": [
        "zorras:crimson/touch",
        "zorras:crimson/fireball",
        "zorras:crimson/immune",
        "zorras:crimson/flame",
        "zorras:crimson/tag",
        "zorras:hp",
        "zorras:water",
		"zorras:boost",
		"zorras:elytra",
        "zorras:projectile",
		"zorras:particle",
		"zorras:carnivore",
		"zorras:titansize",
        "zorras:titansize1",
        "zorras:titansize2",
		"zorras:lava_vision",
		"moborigins:rideable_creature"

    ],
    "icon": "minecraft:magma_cream",
    "order": 9,
    "impact": 3,
    "name": "Dragon Born",
    "description": "Being born of a dragon you have inherited the powers of a dragon."
}