{
  "type": "origins:multiple",
  "name": "Ailurophobia",
  "description": "You are very afraid of cats, so you gain slowness and weakness when around them.",
  "minor_fear": {
    "type": "origins:stacking_status_effect",
    "min_stacks": 0,
    "max_stacks": 10,
    "duration_per_stack": 10,
    "effects": [
      {
        "effect": "minecraft:weakness",
        "is_ambient": true,
        "show_particles": false,
        "show_icon": true
      },
      {
        "effect": "minecraft:slowness",
        "is_ambient": true,
        "show_particles": false,
        "show_icon": true,
		"amplifier": 1
      }
    ],
    "condition": {
      "type": "origins:or",
      "conditions": [
        {
          "type": "origins:command",
          "command": "execute if entity @e[type=cat,distance=..15]",
          "comparison": ">=",
          "compare_to": 1
        },
        {
          "type": "origins:command",
          "command": "execute if entity @e[type=ocelot,distance=..15]",
          "comparison": ">=",
          "compare_to": 1
        }
      ]
    }
  }
}