{
   "type": "origins:stacking_status_effect",
   "min_stacks": 0,
   "max_stacks": 1,
   "duration_per_stack": 20,
   "effects": [
   {
       "effect": "minecraft:resistance",
       "duration": 100,
       "amplifier": 2,
       "is_ambient": true,
       "show_particles": true,
       "show_icon": false
   },
   {
	   "effect": "minecraft:strength",
       "duration": 100,
       "amplifier": 0,
       "is_ambient": true,
       "show_particles": false,
       "show_icon": false
   }
   ],
    "condition": {
  "type": "origins:and",
  "conditions": [
    {
      "type": "origins:exposed_to_sky"
    },
    {    
     "type": "origins:predicate",
					"predicate": "creeper:weather_thunderstorm"
    }
  ]
   },
   "name": "Charged",
   "description": "Being in a thunder storm gives you strength and resistance."
}