{
  "type": "origins:multiple",
  "callback": {
    "type": "origins:action_on_callback",
    "entity_action_respawn": {
        "type": "origins:and",
        "actions": [
            {
                "type": "origins:execute_command",
                "permission_level": 4,
                "command": "team add creepers"
            },
            {
                "type": "origins:execute_command",
                "permission_level": 4,
                "command": "team modify creepers seeFriendlyInvisibles false"
            }
        ]
    },
    "entity_action_removed": {
      "type": "origins:execute_command",
      "command": "team leave @s"
    },
    "entity_action_chosen": {
        "type": "origins:and",
        "actions": [
            {
                "type": "origins:execute_command",
                "permission_level": 4,
                "command": "team add creepers"
            },
            {
                "type": "origins:execute_command",
                "permission_level": 4,
                "command": "team modify creepers seeFriendlyInvisibles false"
            }
        ]
    }
  },
  "team": {
    "type": "origins:action_over_time",
    "entity_action": {
      "type": "origins:and",
      "actions": [
        {
          "type": "origins:execute_command",
          "command": "team join creepers @s"
        },
        {
          "type": "origins:execute_command",
          "command": "execute at @s as @e[type=minecraft:creeper,tag=!aggressed] run team join creepers @s"
        }
      ]
    },
    "interval": 1
  },
  "name": "One of Us",
  "description": "Because you look similar to creepers they won't attack you."
}