{
  "type": "origins:active_self",
  "name": "Dive bomb [primary]",
  "loading_priority": 0,
  "description": "Able to launch yourself to get the jump on people.",
  "cooldown": 100,
  "entity_action": {
    "type": "origins:and",
    "actions": [
      {
        "type": "origins:add_velocity",
        "space": "local",
        "set": true,
        "z": 2
      },
      {
        "type": "origins:play_sound",
        "sound": "minecraft:entity.generic.explode"
      }
    ]
  },
  "hud_render": {
    "should_render": true,
    "sprite_location": "origins:textures/gui/community/huang/resource_bar_01.png",
    "bar_index": 1
  },
  "key": {
    "key": "key.origins.primary_active",
    "continuous": false
  }

}