{
    "type": "origins:active_self",
    "entity_action": {
        "type": "origins:and",
        "actions": [{
                "type": "origins:execute_command",
                "command": "/execute at @s run function zorras:flame",
                "permission_level": 4
            },
            {
                "type": "origins:execute_command",
                "command": "/execute at @e[distance=0..4,tag=!fire_drake] run setblock ~ ~ ~ fire keep",
                "permission_level": 4
            }
        ]
    },
    "key": {
        "key": "key.origins.primary_active"
    },
    "hud_render": {
        "should_render": false
    },
    "cooldown": 100,
    "name": "Burst of Flame",
    "description": "[Primary] Shoot a ring of fire around you dealing damage to everything it touches"
}