{
    "type": "origins:stacking_status_effect",
    "min_stacks": 22,
    "max_stacks": 22,
    "duration_per_stack": 10,
    "effects": [
        {
            "effect": "minecraft:blindness",
            "show_particles": false,
            "show_icon": false,
            "is_ambient": true 
        }
    ],
    "condition": {
        "type": "origins:in_block_anywhere",
        "block_condition": {
		"type": "origins:light_level",
		"light_type": "sky",
		"comparison": ">",
		"compare_to": 10
		}
    },
    "name": "Adapted Eyesight",
    "description": "After generations living underground, lusherians haven't evolved to have better eyesight on the surface and thus receive blindness above ground."
}