{
  "type": "origins:active_self",
    "entity_action": {
      "type": "origins:and",
      "actions": [
        {
            "type": "origins:delay",
            "ticks": 0,
            "action": {
                "type": "origins:execute_command",
				"command": "function lush:blind",
				"permission_level": 4
            }
        },
		{
            "type": "origins:delay",
            "ticks": 0,
            "action": {
                "type": "origins:execute_command",
				"command": "effect give @s minecraft:invisibility 5 0 true",
				"permission_level": 4
            }
        },
		{
            "type": "origins:delay",
            "ticks": 10,
            "action": {
                "type": "origins:execute_command",
				"command": "execute at @s run playsound minecraft:entity.fox.ambient master @a[distance=..6] ~ ~ ~ 1 1.4",
				"permission_level": 4
            }
        }
	  ]
	},
	"condition": {
	"type": "origins:equipped_item",
	"equipment_slot": "mainhand",
	"item_condition": {
    "type": "origins:ingredient",
    "ingredient": {
        "item": "minecraft:glow_berries"
    }
	}
	},
	"name": "Berry-Bomb",
	"description": "Pressing your secondary with a glow berry in hand uses it as a flash-bang, allowing you to become invisible for 5 seconds and blinding anything in a 6 block radius for 15 seconds.",
	"hidden": false,
    "key": {
        "key": "key.origins.secondary_active",
        "continuous": false
    },
	"cooldown": 100,
    "hud_render": {
      "should_render": true,
      "sprite_location": "origins:textures/gui/community/spiderkolo/resource_bar_01.png",
      "bar_index": 13
	}
}