{
      "type":"origins:climbing",
      "hold_condition":{
         "type":"origins:and",
         "conditions":[
            {
               "type":"origins:or",
               "conditions":[
                  {
                     "type":"origins:block_collision",
                     "offset_x":0.01,
                     "offset_z":0.01,
                     "offset_y":0
                  },
                  {
                     "type":"origins:block_collision",
                     "offset_x":-0.01,
                     "offset_z":-0.01,
                     "offset_y":0
                  }
               ]
            },
            {
               "type":"origins:power_active",
               "power":"*:*_toggle"
            }
         ]
      },
      "condition":{
            "type":"origins:collided_horizontally"
      },
	"name": "Climbing",
	"description": "Lusherians are highly capable climbers as they spend their days climbing rock walls and vines."
}