{
  "type":"origins:modify_damage_taken",
  "modifier":{
    "value": 1.5,
    "operation":"multiply_total"
  },
  "damage_condition":{
    "type":"origins:or",
    "conditions":[
      {
        "type":"origins:name",
        "name":"lava"
      },
      {
        "type":"origins:name",
        "name":"onFire"
      },
      {
        "type":"origins:name",
        "name":"inFire"
      },
      {
        "type":"origins:name",
        "name":"hotFloor"
      }
    ]
  },
  "hidden": false,
  "name": "Fear of Fire",
  "description": "Living in the dark undergound, lusherians have rarely experienced the effects of fire. It deals more damage to you."
}