{
	"type": "origins:action_over_time",
	"entity_action": {
		"type": "origins:and",
        "actions": [
            {
                "type": "origins:execute_command",
                "command": "data modify storage offworld vill set value {Type: \"trading\", Value: -50}",
                "permission_level": 4
            },
            {
                "type": "origins:execute_command",
                "command": "data modify storage offworld vill.Target set from entity @s UUID",
                "permission_level": 4
            },
            {
                "type": "origins:execute_command",
                "command": "execute as @e[type=minecraft:villager] run data modify entity @s Gossips append from storage minecraft:offworld vill",
                "permission_level": 4
            }
        ]
	},
	"interval": 200,
    "hidden": true
}