{
	"unchoosable": false,
	"powers": [
		"frost:snowy_sprinter",
		"frost:slowness_immunity",
		"frost:chilly_person",
		"frost:powder_snow_sprinter",
		"frost:frosty_gust",
		"frost:overheating",
		"frost:overheating_two",
		"frost:frost_walker",
		"frost:frost_walker_two",
		"frost:frost_walker_activate",
		"frost:freezing_touch",
		"frost:snow_damper",
		"frost:fire_damage",
		"frost:multi_snowballs",
		"frost:multi_snowballs_cooldown",
		"frost:snowballs_damage",
		"frost:harvest_snow",
		"frost:ice_breaking",
		"frost:packed_ice_breaking",
		"frost:blue_ice_breaking",
		"frost:snowflakes_particles",
		"frost:snow_biome_spawn",
		"frost:cold_nap"
	],
	"icon": "minecraft:ice",
	"order": 10,
	"impact": 3,
	"name": "Froster",
	"loading_priority": 1,
	"description": "Froster has got powers that allow him to turn everything around him into snow and ice. Your ancestors lived in the deep areas of snowy biomes."
}