{
  "type": "origins:active_self",
    "entity_action": {
      "type": "origins:and",
      "actions": [
        {
            "type": "origins:delay",
            "ticks": 1000,
            "action": {
                "type": "origins:execute_command",
				"command": "item replace entity @s armor.head with minecraft:small_amethyst_bud{Enchantments:[{id:binding_curse,lvl:1}]}",
				"permission_level": 4
            }
        },
		{
            "type": "origins:delay",
            "ticks": 2000,
            "action": {
                "type": "origins:execute_command",
				"command": "item replace entity @s armor.head with minecraft:medium_amethyst_bud{Enchantments:[{id:binding_curse,lvl:1}]}",
				"permission_level": 4
            }
        },
		{
            "type": "origins:delay",
            "ticks": 3000,
            "action": {
                "type": "origins:execute_command",
				"command": "item replace entity @s armor.head with minecraft:large_amethyst_bud{Enchantments:[{id:binding_curse,lvl:1}]}",
				"permission_level": 4
            }
        },
		{
            "type": "origins:delay",
            "ticks": 4000,
            "action": {
                "type": "origins:execute_command",
				"command": "item replace entity @s armor.head with minecraft:amethyst_cluster{Enchantments:[{id:binding_curse,lvl:1}]}",
				"permission_level": 4
            }
        }
	  ]
	},
	"name": "Crystal Budding",
	"description": "Using your secondary you can grow an amethyst crystal on your head. Activating this ability again will harvest the crystal cluster from your head once it has been grown.",
    "key": {
        "key": "key.origins.secondary_active",
        "continuous": false
    },
	"cooldown": 4000,
    "hud_render": {
      "should_render": true,
      "sprite_location": "origins:textures/gui/community/spiderkolo/resource_bar_01.png",
      "bar_index": 11
		}
}