{
  "type": "origins:active_self",
    "entity_action": {
      "type": "origins:and",
      "actions": [
        {
            "type": "origins:delay",
            "ticks": 1,
            "action": {
                "type": "origins:execute_command",
				"command": "function shine:break_crystal",
				"permission_level": 4
            }
        }
	  ]
	},
	"name": "Break",
	"description": "Breaks crystal when replaced.",
	"hidden": true,
    "key": {
        "key": "key.origins.secondary_active",
        "continuous": false
    },
	"cooldown": 1,
    "hud_render": {
      "should_render": false,
      "sprite_location": "origins:textures/gui/community/spiderkolo/resource_bar_01.png",
      "bar_index": 14
	}
}