{
    "type": "origins:action_over_time",
	"entity_action": {
	"type": "origins:execute_command",
	"command": "function shine:vision",
	"permission_level": 4
	},
    "interval": 200,
	"condition": {
	"type": "origins:equipped_item",
	"equipment_slot": "head",
	"item_condition": {
    "type": "origins:enchantment",
    "enchantment": "minecraft:binding_curse",
    "comparison": "==",
    "compare_to": 1
	}
	},
	"name": "Crystal Vision",
	"description": "When any form of crystal is on your head it lights up the vicinity. This gives night vision to you and anyone near you."
}