{
  "type": "origins:active_self",
    "entity_action": {
      "type": "origins:and",
      "actions": [
		{
			"type": "origins:execute_command",
			"command": "playsound minecraft:entity.illusioner.prepare_mirror player @a[distance=0..15] ~ ~ ~ 0.4 1 1",
			"permission_level": 4
        },
		{
			"type": "origins:execute_command",
			"command": "playsound minecraft:block.amethyst_cluster.hit player @a[distance=0..15] ~ ~ ~ 1 1 1",
			"permission_level": 4
        },
        {
            "type": "origins:execute_command",
			"command": "function shoot2:start_ray",
			"permission_level": 4
        }
	  ]
	},
	"name": "Crystal Beam",
	"description": "Pressing your primary key will shoot a beam of crystal energy dealing damage to any entity it touches. This type of energy has no effect on the undead.",
    "key": {
        "key": "key.origins.primary_active",
        "continuous": true
    },
	"cooldown": 150,
    "hud_render": {
      "should_render": true,
      "sprite_location": "origins:textures/gui/resource_bar.png",
      "bar_index": 3
	}
}