{
    "powers": [
        "axolotl_origin:apexpreditor",
        "axolotl_origin:lessarmour",
        "axolotl_origin:lesshealth",
        "origins:water_breathing",
		"origins:aqua_affinity",
        "axolotl_origin:fishdiet",
        "origins:water_vision",
        "origins:swim_speed",
        "origins:aquatic",
        "origins:conduit_power_on_land",
        "origins:air_from_potions",
        "axolotl_origin:waterhunter",
        "axolotl_origin:halfair"
    ],
    "icon": "minecraft:axolotl_bucket",
    "order": 4,
    "impact": 1,
    "name": "Axolotl",
    "description": "The Apex Preditor Of The Ocean, Other Than Sharks... And Gaurdians... And Mybe Dolphins... Also Sometimes Squid..."
}