{
    "type": "origins:walk_on_fluid",
    "fluid": "minecraft:water",
    "condition": {
        "type": "origins:and",
        "conditions": [
            {
            "type": "origins:sneaking",
            "inverted": true
            },
            {      
            "type": "origins:fluid_height",
            "fluid": "minecraft:water",
            "comparison": "<=",
            "compare_to": 0.4
            }
        ]
    },
    "name": "Water Walking",
    "description": "You can walk on water as you are the same (You can deactivate this by crouching)."
}