{
    "type": "origins:active_self",
    "entity_action": {
        "type": "origins:add_velocity",
        "z": 2,
        "space": "local"
    },
    "cooldown": 60,
    "hud_render":{
        "should_render": true,
        "bar_index": 1
    },
    "condition": {    
      "type": "origins:submerged_in",
      "fluid": "water"
    },
    "name": "Water dash",
    "key": "primary",
    "description": "While submered under water you can press your primary key to proppel you forwards, it carrys momentum so if you are going fast you get propelled farther"
    }