{
    "type": "origins:stacking_status_effect",
        "min_stacks": 0,
        "max_stacks": 1,
        "duration_per_stack": 20,
        "effect": {
            "effect": "minecraft:weakness",
            "duration": 100,
            "amplifier": 0,
            "is_ambient": true,
            "show_particles": false,
            "show_icon": false
        },
        "condition": {
                "type": "origins:submerged_in",
                "fluid": "minecraft:water",
                "inverted": "true"
              },
        "name": "Water need",
        "description": "You gain weakness 1 while not in water."
}