{
	"powers": [
		"shine:raycastlightning",
		"shine:head_attach",
		"shine:power",
		"shine:max_head_replace",
		"shine:night_vision",
		"shine:thorns",
		"shine:less_exhaustion",
		"shine:body",
		"shine:spawn",
		"shine:cracking_crystal",
		"shine:desc/no_helmet",
		"shine:no_helmet",
		"shine:crystal_smash",
		"shine:hurt"
	],
	"icon": "minecraft:amethyst_cluster",
	"order": 10,
	"impact": 2,
	"name": "Shine",
	"description": "A mystical being made entirely from crystal matter. Shine's are able to harness the arcane elements of crystals, using them to access unique and powerful abilities."
}
