{

    "type": "origins:active_self",
    "entity_action": {
        "type": "origins:and",
        "actions": [{
                "type": "origins:execute_command",
                "command": "scale set extraorigins:modify_size 0.005 @s",
                "permission_level": 4
            },
            {
                "type": "origins:execute_command",
                "command": "scale set pehkui:health 0.1",
                "permission_level": 4
            },
            {
                "type": "origins:execute_command",
                "command": "scale set pehkui:reach 0.4",
                "permission_level": 4
            },
            {
                "type": "origins:execute_command",
                "command": "effect clear @s",
                "permission_level": 4
            },
            {
                "type": "origins:execute_command",
                "command": "effect give @s hunger 1 1 true",
                "permission_level": 4
            },
            {
                "type": "origins:execute_command",
                "command": "effect give @s weakness 9999 2 true",
                "permission_level": 4
            },
            {
                "type": "origins:execute_command",
                "command": "effect give @s resistance 20 1 true",
                "permission_level": 4
            }
        ]
    },
    "key": {
        "key": "key.origins.secondary_active"
    },
    "cooldown": 1,
    "hud_render": {
        "should_render": true,
	"sprite_location": "origins:textures/gui/community/spiderkolo/resource_bar_03.png",
        "bar_index": 17
    },
    "name": "§a§nAtomize",
    "description": "You can shrink yourself to the size of an atom. When you are this small you become atomicly denser and you get resistance for a short time"
}
