{
  "type": "origins:active_self",
  "entity_action": {
	"type": "origins:and",
	"actions": [
	  {
		"type": "origins:apply_effect",
		"effect": {
		  "effect": "minecraft:strength",
		  "duration": 200,
		  "amplifier": 2
		}
	  },
	  {
		"type": "origins:apply_effect",
		"effect": {
		  "effect": "minecraft:resistance",
		  "duration": 200,
		  "amplifier": 1
		}
	  },
	  {
		"type": "origins:apply_effect",
		"effect": {
		  "effect": "minecraft:hunger",
		  "duration": 150,
		  "amplifier": 1
		}
	  },
	  {
		"type": "origins:execute_command",
		"command": "playsound entity.polar_bear.warning player @s ~ ~ ~ 1 1",
		"permission_level": 4
	  }
	]
  },
  "cooldown": 300,
  "hud_render": {
	"should_render": true,
	"bar_index": 5
  },
  "key": {
	"key": "key.origins.primary_active"
  },
  "name": "Beary Angry",
  "description": "Rage, baby, rage! You can activate a power to gain a short amount of buffs, but it makes you hungry."
}