{
    "name": "§c§nSmall hands",
    "description": "Due to the size and shape of your hands you cannot use ranged weapons",
    "type": "origins:multiple",
    "swords_only": {
        "type": "origins:prevent_item_use",
        "item_condition": {
            "type": "origins:ingredient",
            "ingredient": [
                {
                "item": "bow"
                },
                {
                "item": "trident"
                },
                {
                "item": "crossbow"
                }
            ]
}
}
}
