{
    "type": "origins:climbing",
    "hold_condition": {
        "type": "origins:and",
        "conditions": [{
            "type": "origins:or",
            "conditions": [{
                    "type": "origins:block_collision",
                    "offset_x": 0.01,
                    "offset_z": 0.01,
                    "offset_y": 0
                },
                {
                    "type": "origins:block_collision",
                    "offset_x": -0.01,
                    "offset_z": -0.01,
                    "offset_y": 0
                }
            ]
        }]
    },
    "condition": {
        "type": "origins:and",
        "conditions": [{
                "type": "origins:collided_horizontally"
            }
        ]
    },
    "name": "§a§nClimbing",
    "description": "You can grab the spaces between atoms to climb up blocks with your incredible claws even in full size."
}
