{
	"type": "origins:action_on_block_break",
	"entity_action": {
		"type": "origins:if_else",
		"condition": {
			"type": "origins:or",
			"conditions": [
				{
					"type": "origins:equipped_item",
					"equipment_slot": "mainhand",
					"item_condition": {
						"type": "origins:enchantment",
						"enchantment": "minecraft:silk_touch",
						"comparison": "==",
						"compare_to": 1
					}
				},
				{
					"type": "origins:equipped_item",
					"equipment_slot": "offhand",
					"item_condition": {
						"type": "origins:enchantment",
						"enchantment": "minecraft:silk_touch",
						"comparison": "==",
						"compare_to": 1
					}
				}
			],
			"inverted": true
		},
		"if_action": {
			"type": "origins:give",
			"stack": {
				"item":"minecraft:blue_ice",
				"amount": 1
			}
		}
	},
	"block_condition": {
		"type": "origins:block",
		"block": "minecraft:blue_ice"
	},
	"only_when_harvested": false,
	"hidden": true
}