{
	"type": "origins:prevent_sleep",
	"message": "It isn't cold enough for you to sleep",
	"set_spawn_point": true,
	"condition": {
		"type": "origins:block_in_radius",
		"block_condition": {
			"type": "origins:or",
			"conditions": [
				{
					"type": "origins:in_tag",
					"tag": "minecraft:snow"
				},
				{
					"type": "origins:in_tag",
					"tag": "minecraft:ice"
				}
			]
		},
		"radius": 3,
		"shape": "cube",
		"comparison": "<",
		"compare_to": 10
	},
	"name": "Cold nap",
	"description": "You can't sleep when it's not cold enough. You need to be surrounded by at least 10 blocks (in 3-block radius) that belong to snow or ice block tags."
}