{
	"type": "origins:action_over_time",
	"interval": 1,
	"entity_action": {
		"type": "origins:if_else",
		"condition": {
			"type": "origins:enchantment",
			"enchantment": "minecraft:frost_walker",
			"calculation": "max",
			"comparison": ">=",
			"compare_to": 1
		},
		"if_action": {
			"type": "origins:if_else",
			"condition": {
				"type": "origins:enchantment",
				"enchantment": "minecraft:frost_walker",
				"calculation": "max",
				"comparison": "==",
				"compare_to": 1
			},
			"if_action": {
				"type": "origins:execute_command",
				"command": "fill ~-4 ~-1 ~-4 ~4 ~-1 ~4 minecraft:ice replace minecraft:water[level=0]",
				"permission_level": 4
			},
			"else_action": {
				"type": "origins:execute_command",
				"command": "fill ~-4 ~-1 ~-4 ~4 ~-1 ~4 minecraft:packed_ice replace minecraft:water[level=0]",
				"permission_level": 4
			}
		},
		"else_action": {
			"type": "origins:execute_command",
			"command": "fill ~-4 ~-1 ~-4 ~4 ~-1 ~4 minecraft:frosted_ice replace minecraft:water[level=0]",
			"permission_level": 4
		}
	},
	"condition": {
		"type": "origins:and",
		"conditions": [
			{
				"type": "origins:power_active",
				"power": "frost:frost_walker_activate"
			},
			{
				"type": "origins:and",
				"conditions": [
					{
						"type": "origins:biome",
						"condition": {
							"type": "origins:temperature",
							"comparison": ">=",
							"compare_to": 2.0
						}
					},
					{
						"type": "origins:exposed_to_sun"
					}
				],
				"inverted": true
			}
		]
	},
	"name": "Frost walker",
	"description": "Your secondary ability. You're able to turn water into ice without frost walker boots. However, you can still use them to leave a snow trail on land and permanently freeze the water."
}