{
	"type": "origins:active_self",
	"entity_action": {
		"type": "origins:if_else",
		"condition": {
			"type": "origins:or",
			"conditions": [
				{
					"type": "origins:and",
					"conditions": [
					{
						"type": "origins:biome",
						"condition": {
							"type": "origins:temperature",
							"comparison": ">=",
							"compare_to": 2.0
						}
					},
					{
						"type": "origins:or",
						"conditions": [
							{
								"type": "origins:daytime"
							},
							{
								"type": "origins:dimension",
								"dimension": "minecraft:the_nether"
							}
						]
					}
					]
				},
				{
					"type": "origins:in_block",
					"block_condition": {
						"type": "origins:block",
						"block": "minecraft:water"
					}
				}
			],
			"inverted": true
		},
		"if_action": {
			"type": "origins:and",
			"actions": [
				{
					"type": "origins:execute_command",
					"command": "/particle minecraft:cloud ~ ~ ~ .125 .125 .125 2 100 force",
					"permission_level": 4
				},
				{
					"type": "origins:execute_command",
					"command": "/particle minecraft:end_rod ~ ~ ~ .125 .125 .125 2 1000 force",
					"permission_level": 4
				},
				{
					"type": "origins:execute_command",
					"command": "/effect give @e[distance=1..10,type=!minecraft:snow_golem,type=!minecraft:polar_bear,type=!minecraft:stray,type=!minecraft:blaze,type=!minecraft:magma_cube,type=!minecraft:ghast] minecraft:slowness 5 20 true",
					"permission_level": 4
				},
				{
					"type": "origins:execute_command",
					"command": "/effect give @e[distance=1..10,type=!minecraft:snow_golem,type=!minecraft:polar_bear,type=!minecraft:stray,type=!minecraft:blaze,type=!minecraft:magma_cube,type=!minecraft:ghast] minecraft:weakness 5 250 true",
					"permission_level": 4
				},
				{
					"type": "origins:play_sound",
					"sound": "minecraft:entity.blaze.shoot",
					"volume": 1,
					"pitch": 2
				},
				{
					"type": "origins:play_sound",
					"sound": "minecraft:entity.wither.shoot",
					"volume": 1,
					"pitch": 0.5
				},
				{
					"type": "origins:execute_command",
					"command": "/fill ~-10 ~-1 ~-10 ~10 ~-1 ~10 minecraft:frosted_ice replace minecraft:water[level=0]",
					"permission_level": 4
				},
				{
					"type": "origins:execute_command",
					"command": "/fill ~-10 ~-10 ~-10 ~10 ~10 ~10 minecraft:air replace minecraft:fire",
					"permission_level": 4
				},
				{
					"type": "origins:execute_command",
					"command": "/fill ~-10 ~-10 ~-10 ~10 ~10 ~10 minecraft:air replace minecraft:soul_fire",
					"permission_level": 4
				},
				{
					"type": "origins:execute_command",
					"command": "/fill ~-10 ~-10 ~-10 ~10 ~10 ~10 minecraft:campfire[lit=false] replace minecraft:campfire",
					"permission_level": 4
				},
				{
					"type": "origins:execute_command",
					"command": "/fill ~-10 ~-10 ~-10 ~10 ~10 ~10 minecraft:soul_campfire[lit=false] replace minecraft:soul_campfire",
					"permission_level": 4
				}
			]
		}
	},
	"cooldown": 200,
	"hud_render": {
		"should_render": true,
		"bar_index": 5
	},
	"key": {
		"key": "key.origins.primary_active"
	},
	"name": "Frosty gust",
	"description": "Your primary ability. You can create a frosty gust around you freezing the opponents within a radius of 10 blocks for 5 seconds. You can also freeze water with it and extinguish fire (this includes campfires)."
}