{
	"type": "origins:action_over_time",
	"interval": 1,
	"entity_action": {
		"type": "origins:if_else",
		"condition": {
			"type": "origins:or",
			"conditions": [
				{
					"type": "origins:status_effect",
					"effect": "minecraft:weakness",
					"min_amplifier": 0,
					"max_amplifier": 2147483647,
					"min_duration": 0,
					"max_duration": 2147483647
				},
				{
					"type": "origins:or",
					"conditions": [
					{
						"type": "origins:equipped_item",
						"equipment_slot": "mainhand",
						"item_condition": {
							"type": "origins:ingredient",
							"ingredient": {
								"item": "minecraft:snowball"
							}
						}
					},
					{
						"type": "origins:equipped_item",
						"equipment_slot": "offhand",
						"item_condition": {
							"type": "origins:ingredient",
							"ingredient": {
								"item": "minecraft:snowball"
							}
						}
					}
					],
					"inverted": true
				}
			]
		},
		"if_action": {
			"type": "origins:trigger_cooldown",
			"power": "frost:multi_snowballs"
		}
	},
	"hidden": true
}