{
	"type": "origins:stacking_status_effect",
	"min_stacks": 0,
	"max_stacks": 3,
	"duration_per_stack": 20,
	"effect": {
		"effect": "minecraft:speed",
		"duration": 100,
		"amplifier": 2,
		"is_ambient": true,
		"show_particles": false,
		"show_icon": false
	},
	"condition": {
		"type": "origins:or",
		"conditions": [
			{
				"type": "origins:on_block",
				"block_condition": {
				"type": "origins:in_tag",
				"tag": "minecraft:snow"
				}
			},
			{
				"type": "origins:on_block",
				"block_condition": {
				"type": "origins:in_tag",
				"tag": "minecraft:ice"
				}
			},
			{
				"type": "origins:in_block",
				"block_condition": {
				"type": "origins:block",
				"block": "minecraft:snow"
				}
			}
		]	
	},
	"name": "Snowy sprinter",
	"description": "When on snow and ice, you are able to run extremely fast."
}