{
	"powers": [
		"star:descriptions/velocity",
		"star:descriptions/star",
		"star:descriptions/warp",
		"star:descriptions/starbeam",
		"star:descriptions/strength",
		"star:descriptions/guardian",
		"star:descriptions/death",
		"star:descriptions/sleep",
		"star:descriptions/fire",
		"star:descriptions/slow",
		"star:descriptions/realm",
		"star:descriptions/blindness",
		"star:descriptions/credits",
		"star:death",
		"star:cooldown",
		"star:cooldown2",
		"star:end",
		"star:realm",
		"star:firework",
		"star:fire",
		"star:strength",
		"star:strength2",
		"star:slow",
		"star:velocity",
		"star:blindness",
		"star:lightninginvul",
		"star:starlaser",
		"star:particles",
		"star:sleep",
		"star:realm",
		"star:falling_star",
		"star:falling_star2"
	],
	"icon": "minecraft:nether_star",
	"order": 0,
	"impact": 3,
	"name": "Starborne",
	"description": "Being born from the stars, you are a nonviolent, star-obsessed, mysterious, and potentially powerful entity that fell from the stars down to this blocky world we reside."
}
