{
  "type": "origins:active_self",
  "name": "Water Boost [Secondary]",
  "description": "You can spin so fast you can shoot yourself as if you had riptide 3.",
  "entity_action": {
    "type": "origins:add_velocity",
    "z": 2,
    "space": "local",
    "set": true
  },
  "cooldown": 60,
  "hud_render": {
    "sprite_location": "origins:textures/gui/community/spiderkolo/resource_bar_03.png",
    "bar_index": 18
  },
  "condition": {
  "type": "origins:or",
  "conditions": [
    {
      "type": "origins:fluid_height",
      "fluid": "minecraft:water",
      "comparison": ">",
      "compare_to": 0
    },
    {
      "type": "origins:in_rain"
    }
  ]
},

    "key": {
      "key": "key.origins.secondary_active",
      "continuous": false
  }
}