{
	"type": "origins:active_self",
	"entity_action": {
		"type": "origins:and",
		"actions": [
			{
				"type":"origins:feed",
				"food":1,
				"saturation":0.1
			},
			{
			"type":"origins:execute_command",
            "command":"playsound minecraft:entity.villager.work_mason player @a[distance=0..8] ~ ~ ~ 1 1",
			"permission_level": 4
			}
		]
	},
	"condition": {
	"type": "origins:and",
	"conditions": [
    {
		"type": "origins:on_block",
		"block_condition": {
		"type": "origins:block",
		"block": "minecraft:redstone_block"
		}
    },
    {      
      "type": "origins:sneaking"
    },
	{
		"type":"origins:food_level",
            "comparison":"<",
            "compare_to":20
	}
  ]
},
	"cooldown": 50,
	"hud_render": {
		"should_render": false,
		"sprite_location": "origins:textures/gui/community/spiderkolo/resource_bar_03.png",
		"bar_index": 22
	},
	"key": {
        "key": "key.sneak",
        "continuous": true
		},
			
	"hidden": true
}
