{
  "type":"origins:modify_damage_taken",
  "modifier":{
    "value": 1.5,
    "operation":"multiply_total"
  },
  "damage_condition":{
    "type":"origins:or",
    "conditions":[
      {
        "type":"origins:name",
        "name":"lava"
      },
      {
        "type":"origins:name",
        "name":"onFire"
      },
      {
        "type":"origins:name",
        "name":"inFire"
      },
      {
        "type":"origins:name",
        "name":"hotFloor"
      }
    ]
  },
  "hidden": false,
  "name": "Melt",
  "description": "Under high temperatures your body begins to melt. Fire does more damage."
}