{
  "type": "origins:active_self",
   "entity_action": {
   "type": "origins:chance",
   "action":
    {    
	"type": "origins:execute_command",
	"command": "playsound minecraft:entity.ravager.hurt player @a[distance=0..8] ~ ~ ~ 1 1",
    "permission_level": 4
    },
    "chance": 0.2
    },
	"hidden": true,
    "key": {
      "key": "key.attack",
      "continuous": false
    },
	"cooldown": 10,
    "hud_render": {
      "should_render": false
   },
   "condition": {
    "type": "origins:equipped_item",
    "equipment_slot": "mainhand",
    "item_condition": {
      "type": "origins:ingredient",
      "ingredient": {
        "item": "minecraft:air"
      }
    }
  }
}