{
    "type": "origins:target_action_on_hit",
    "name": "knockback",
    "description": "a",
    "hidden": true,
    "entity_action": {
        "type": "origins:add_velocity",
        "space": "velocity_horizontal_normalized",
        "set": false,
        "y": 0.5,
        "z": 0.3
    },
    "cooldown": 0,
  "condition": {
    "type": "origins:equipped_item",
    "equipment_slot": "mainhand",
    "item_condition": {
      "type": "origins:ingredient",
      "ingredient": {
        "item": "minecraft:air"
      }
    }
  }
}
