{
  "type": "origins:active_self",
    "entity_action": {
      "type": "origins:and",
      "actions": [
	    {
	    "type": "origins:execute_command",
	    "command": "effect give @s minecraft:slowness 3 200",
        "permission_level": 4
        },
		{
			"type": "origins:execute_command",
			"command": "playsound minecraft:entity.illusioner.prepare_blindness player @a[distance=0..15] ~ ~ ~ 0.4 1 1",
			"permission_level": 4
        },
        {
            "type": "origins:delay",
            "ticks": 26,
            "action": {
                "type": "origins:execute_command",
				"command": "function shoot:start_ray",
				"permission_level": 4
            }
        },
		{
            "type": "origins:delay",
            "ticks": 26,
            "action": {
                "type": "origins:execute_command",
				"command": "playsound minecraft:entity.ravager.death player @a[distance=0..15] ~ ~ ~ 0.4 1 1",
				"permission_level": 4
            }
        },
		{
            "type": "origins:delay",
            "ticks": 26,
            "action": {
                "type": "origins:execute_command",
				"command": "playsound minecraft:entity.illusioner.cast_spell player @a[distance=0..15] ~ ~ ~ 0.4 1 1",
				"permission_level": 4
            }
        },
		{
            "type": "origins:delay",
            "ticks": 26,
            "action": {
                "type": "origins:execute_command",
				"command": "playsound minecraft:block.amethyst_cluster.place player @a[distance=0..15] ~ ~ ~ 0.4 1 1",
				"permission_level": 4
            }
        },
		{
            "type": "origins:delay",
            "ticks": 26,
            "action": {
                "type": "origins:execute_command",
				"command": "playsound minecraft:block.beacon.deactivate player @a[distance=0..15] ~ ~ ~ 0.4 1 1",
				"permission_level": 4
            }
        },
		{
            "type": "origins:delay",
            "ticks": 30,
            "action": {
                "type": "origins:execute_command",
				"command": "function shoot:start_ray",
				"permission_level": 4
            }
        },
		{
            "type": "origins:delay",
            "ticks": 34,
            "action": {
                "type": "origins:execute_command",
				"command": "function shoot:start_ray",
				"permission_level": 4
            }
        },
		{
            "type": "origins:delay",
            "ticks": 38,
            "action": {
                "type": "origins:execute_command",
				"command": "function shoot:start_ray",
				"permission_level": 4
            }
        }
      ]
	},
	"condition": {
		"type": "origins:on_block"
	},
	"name": "Redstone Beam",
	"description": "Pressing your primary key will shoot a beam of redstone shards dealing damage to any entity it touches. This only affects living entities.",
    "key": {
        "key": "key.origins.primary_active",
        "continuous": true
    },
	"cooldown": 200,
    "hud_render": {
      "should_render": true,
      "sprite_location": "origins:textures/gui/community/spiderkolo/resource_bar_02.png",
      "bar_index": 14
		}
}