{
	"type": "origins:multiple",
    "no_food": {
        "type": "origins:prevent_item_use",
        "item_condition": {
            "type": "origins:food"
        }
    },
	"diet": {
   "type":"origins:active_self",
   "cooldown":5,
   "hud_render":{
      "should_render":false
   },
   "condition":{
      "type":"origins:and",
      "conditions":[
         {
            "type":"origins:equipped_item",
            "equipment_slot":"mainhand",
            "item_condition":{
               "type":"origins:ingredient",
               "ingredient":{
                  "item":"minecraft:redstone"
               }
            }
         },
         {
            "type":"origins:food_level",
            "comparison":"<",
            "compare_to":20
         }
      ]
   },
   "entity_action":{
      "type":"origins:and",
      "actions":[
         {
            "type":"origins:execute_command",
            "command":"clear @s redstone 1",
			"permission_level": 4
         },
         {
            "type":"origins:feed",
            "food":8,
            "saturation":0.5
         },
		 {
			"type":"origins:execute_command",
            "command":"playsound minecraft:entity.generic.eat player @a[distance=0..8] ~ ~ ~ 1 1",
			"permission_level": 4
		 }
      ]
   },
   "key": {
        "key": "key.use",
        "continuous": true
    }
   },
   "name":"Redstone Diet",
   "description":"You can only eat redstone. Alternatively you can fuel yourself by crouching on a block of redstone."
}