{
  "type": "origins:modify_damage_taken",
  "name": "FUCK AAAAAA FIRE SHIT SHIT SHIT",
  "description": "It's like rock-paper-scissors. Bees lose to fire, fire loses to water, and bees also lose to water. Bees aren't that strong.",
  "modifier": {
    "value": 1.75,
    "operation": "multiply_total"
  },
  "damage_condition": {
    "type": "origins:or",
    "conditions": [
      {
        "type": "origins:name",
        "name": "onFire"
      },
      {
        "type": "origins:name",
        "name": "inFire"
      }
    ]
  }
}
