{
	"type": "origins:active_self",
	"entity_action": {
		"type": "origins:if_else",
		"condition": {
			"type": "origins:status_effect",
				"effect": "minecraft:levitation",
				"show_particles": false,
				"show_icon": false
		},
		"if_action": {
			"type": "origins:clear_effect",
			"effect": "minecraft:levitation"
		},
		"else_action": {
			"type": "origins:apply_effect",
			"effect": {
				"effect": "minecraft:levitation",
				"is_ambient": true,
				"show_particles": false,
				"show_icon": false,
				"amplifier": 3,
				"duration": 10000
			}
		}
	},
	"cooldown": 0,
	"key": {
        "key": "key.jump",
        "continuous": false
    },
	"hud_render": {
		"should_render": false
		
	},
	"name": "Almost Flight",
	"description": "You can 'fly' like a bee! Except bees can't really fly, they just bumble around. Therefore, you bumble around. You can no longer jump though, since you are a bee, and have a brain with a size to match."
}