{
  "type": "origins:action_over_time",
  "entity_action": {
    "type": "origins:and",
	"actions": [
	{
    "type": "origins:apply_effect",
	"effect": {
      "effect": "minecraft:regeneration",
      "duration": 200,
	  "show_particles": false,
      "amplifier": 0
    }
	},
	{
		"type": "origins:apply_effect",
		"effect": {
			"effect": "minecraft:saturation",
			"duration": 3,
			"show_particles": false,
			"amplifier": 0,
			"show_icon": false
		}
  },
   {
     "type": "origins:apply_effect",
     "effect": {
       "effect": "minecraft:speed",
       "duration": 250,
       "show_particles": false,
       "amplifier": 0,
       "show_icon": false
     }
   }
  
	]
		
  },
  "interval": 40,
  "condition": {
    "type": "origins:block_in_radius",
    "block_condition": {
      "type": "origins:in_tag",
      "tag": "minecraft:flowers"
    },
    "radius": "9",
    "shape": "cube",
    "comparison": ">=",
    "compare_to": 9
  },
  "name": "Floral Superiority",
  "description": "Bees like flowers, right? So should you! Live your life to the fullest! Thrive!"
  
}