{
  "type": "origins:stacking_status_effect",
  "min_stacks": 0,
  "max_stacks": 10,
  "duration_per_stack": 100,
  "effects": {
    "effects": "minecraft:slowness",
    "duration": 100,
    "amplifier": 0,
    "is_ambient": true,
    "show_particles": false,
    "show_icon": true
  },
  "condition": {
    "type": "origins:biome",
    "condition": {
      "type": "origins:temperature",
      "comparison": ">=",
      "compare_to": 1
    }
    },

  "name": "Hot, Hot, Hot!",
  "description": "The bee is not made to survive in warm temperatures, so you probably shouldn't live in hell. Or deserts, but that's pretty much the same thing."
}