{
  "key": {
    "key": "key.use",
    "continuous": true
  },
  "type": "origins:active_self",
  "cooldown": 27,
  "hud_render": {
    "should_render": false
  },
  "condition": {
    "type": "origins:and",
    "conditions": [
      {
        "type": "origins:equipped_item",
        "equipment_slot": "mainhand",
        "item_condition": {
          "type": "origins:ingredient",
          "ingredient": {
            "item": "minecraft:sugar"
          }
        }
      },
      {
        "type": "origins:food_level",
        "comparison": "<",
        "compare_to": 20
      }
    ]
  },
  "entity_action": {
    "type": "origins:and",
    "actions": [
      {
        "type": "origins:delay",
        "action": {
          "type": "origins:execute_command",
          "command": "clear @s sugar 1"
        },
        "ticks": 26
      },
      {
        "type": "origins:delay",
        "action": {
          "type": "origins:feed",
          "food": 2,
          "saturation": 0.5
        },
        "ticks": 26
      },
      {
        "type": "origins:execute_command",
        "command": "playsound minecraft:entity.generic.eat player @s ~ ~ ~ 1 1"
      },
      {
        "type": "origins:delay",
        "action": {
          "type": "origins:execute_command",
          "permission_level": 4,
          "command": "playsound minecraft:entity.generic.eat player @a ~ ~ ~ 1 1"
        },
        "ticks": 4
      },
      {
        "type": "origins:delay",
        "action": {
          "type": "origins:execute_command",
          "permission_level": 4,
          "command": "playsound minecraft:entity.generic.eat player @a ~ ~ ~ 1 1"
        },
        "ticks": 8
      },
      {
        "type": "origins:delay",
        "action": {
          "type": "origins:execute_command",
          "permission_level": 4,
          "command": "playsound minecraft:entity.generic.eat player @a ~ ~ ~ 1 1"
        },
        "ticks": 12
      },
      {
        "type": "origins:delay",
        "action": {
          "type": "origins:execute_command",
          "permission_level": 4,
          "command": "playsound minecraft:entity.generic.eat player @a ~ ~ ~ 1 1"
        },
        "ticks": 16
      },
      {
        "type": "origins:delay",
        "action": {
          "type": "origins:execute_command",
          "permission_level": 4,
          "command": "playsound minecraft:entity.generic.eat player @a ~ ~ ~ 1 1"
        },
        "ticks": 20
      },
      {
        "type": "origins:delay",
        "action": {
          "type": "origins:execute_command",
          "permission_level": 4,
          "command": "playsound minecraft:entity.player.burp player @a ~ ~ ~ 1 1"
        },
        "ticks": 24
      },
	  {
        "type": "origins:execute_command",
        "command": "particle item instant_effect ~ ~1.4 ~ .1 .1 .1 0 5 normal"
      },
      {
        "type": "origins:delay",
        "action": {
          "type": "origins:execute_command",
          "permission_level": 4,
          "command": "particle item instant_effect ~ ~1.4 ~ .1 .1 .1 0 5 normal"
        },
        "ticks": 2
      },
      {
        "type": "origins:delay",
        "action": {
          "type": "origins:execute_command",
          "permission_level": 4,
          "command": "particle item instant_effect ~ ~1.4 ~ .1 .1 .1 0 5 normal"
        },
        "ticks": 4
      },
      {
        "type": "origins:delay",
        "action": {
          "type": "origins:execute_command",
          "permission_level": 4,
          "command": "particle item instant_effect ~ ~1.4 ~ .1 .1 .1 0 5 normal"
        },
        "ticks": 6
      },
      {
        "type": "origins:delay",
        "action": {
          "type": "origins:execute_command",
          "permission_level": 4,
          "command": "particle item instant_effect ~ ~1.4 ~ .1 .1 .1 0 5 normal"
        },
        "ticks": 8
      },
      {
        "type": "origins:delay",
        "action": {
          "type": "origins:execute_command",
          "permission_level": 4,
          "command": "particle item instant_effect ~ ~1.4 ~ .1 .1 .1 0 5 normal"
        },
        "ticks": 10
      },
      {
        "type": "origins:delay",
        "action": {
          "type": "origins:execute_command",
          "permission_level": 4,
          "command": "particle item instant_effect ~ ~1.4 ~ .1 .1 .1 0 5 normal"
        },
        "ticks": 12
      },
	  {
        "type": "origins:execute_command",
        "command": "particle item instant_effect ~ ~1.4 ~ .1 .1 .1 0 5 normal"
      },
      {
        "type": "origins:delay",
        "action": {
          "type": "origins:execute_command",
          "permission_level": 4,
          "command": "particle item instant_effect ~ ~1.4 ~ .1 .1 .1 0 5 normal"
        },
        "ticks": 14
      },
      {
        "type": "origins:delay",
        "action": {
          "type": "origins:execute_command",
          "permission_level": 4,
          "command": "particle item instant_effect ~ ~1.4 ~ .1 .1 .1 0 5 normal"
        },
        "ticks": 16
      },
      {
        "type": "origins:delay",
        "action": {
          "type": "origins:execute_command",
          "permission_level": 4,
          "command": "particle item instant_effect ~ ~1.4 ~ .1 .1 .1 0 5 normal"
        },
        "ticks": 18
      },
      {
        "type": "origins:delay",
        "action": {
          "type": "origins:execute_command",
          "permission_level": 4,
          "command": "particle item instant_effect ~ ~1.4 ~ .1 .1 .1 0 5 normal"
        },
        "ticks": 20
      },
      {
        "type": "origins:delay",
        "action": {
          "type": "origins:execute_command",
          "permission_level": 4,
          "command": "particle item instant_effect ~ ~1.4 ~ .1 .1 .1 0 5 normal"
        },
        "ticks": 22
      },
      {
        "type": "origins:delay",
        "action": {
          "type": "origins:execute_command",
          "permission_level": 4,
          "command": "particle item instant_effect ~ ~1.4 ~ .2 .2 .2 0 15 normal"
        },
        "ticks": 24
      }
    ]
  },
  "hidden": true
}

