{
	"powers": [
		"blue:dash",
		"blue:dash2",
		"blue:dash3",
		"blue:throw",
		"blue:fly",
		"blue:fire",
		"blue:fire2",
		"blue:fire3",
		"blue:ruck",
		"blue:fod",
		"blue:rolly",
		"blue:rolly2",
		"blue:rolly3",
		"blue:bluebl",
		"blue:hung",
		"blue:water",
		"blue:fallbutno",
		"blue:damg",
		"blue:ded",
		"blue:damag",
		"blue:deeg",
		"origins:water_vision",
		"origins:like_water",
		"origins:aqua_affinity"
	],
	"icon": "minecraft:water_bucket",
	"order": 546,
	"impact": 3,
	"name": "Waterborne",
	"description": "A person that was born in the seas to protect the ocean."
}
