{
    "type": "origins:conditioned_attribute",
   	"tick_rate": 5,
    "modifiers": [
        {
            "attribute": "minecraft:generic.movement_speed",
            "operation": "addition",
            "value": -0.015
        }
    ],
	"condition": {
        "type": "origins:or",
        "conditions": [
            {
                "type": "origins:exposed_to_sky",
                "inverted": true
            },
            {
                "type": "origins:daytime"
            }
        ]
    },
  	"hidden": true
}