{
	"type": "origins:active_self",
	"entity_action": {
		"type": "origins:and",
		"actions": [{
				"type": "origins:apply_effect",
				"effect": {
					"effect": "minecraft:resistance",
					"duration": 100,
					"amplifier": 50,
					"show_icon": false,
					"show_particles": false
				}
			},
			{
				"type": "origins:add_velocity",
				"z": 2,
				"space": "local"
			},
			{
				"type": "origins:execute_command",
				"command": "playsound minecraft:entity.illusioner.prepare_blindness master @a[distance=..20] ~ ~ ~ 1000 2",
				"permission_level": 4
			},
			{
				"type": "origins:execute_command",
				"command": "function star:starcircle",
				"permission_level": 4
			},
			{
				"type": "origins:execute_command",
				"command": "power grant @e[distance=..3] star:fling",
				"permission_level": 4
			},
			{
				"type": "origins:execute_command",
				"command": "power revoke @s star:fling",
				"permission_level": 4
			}
		]
	},
	"cooldown": 120,
	"hud_render": {
		"should_render": true,
		"sprite_location": "origins:textures/gui/community/spiderkolo/resource_bar_03.png",
		"bar_index": 16
	},
	"condition": {
		"type": "origins:and",
		"conditions": [{
				"type": "origins:fall_flying",
				"inverted": true
			},
			{
				"type": "origins:submerged_in",
				"fluid": "minecraft:water",
				"inverted": true
			},
			{
				"type": "origins:sneaking",
				"inverted": true
			}
		]
	},
	"key": {
		"key": "key.origins.primary_active"
	},
	"hidden": true
}
