{
  "type":"origins:modify_damage_taken",
  "modifier":{
    "value": 1,
    "operation":"multiply_total"
  },
  "damage_condition":{
    "type":"origins:or",
    "conditions":[
      {
        "type":"origins:name",
        "name":"lava"
      },
      {
        "type":"origins:name",
        "name":"onFire"
      },
      {
        "type":"origins:name",
        "name":"inFire"
      },
      {
        "type":"origins:name",
        "name":"hotFloor"
      }
    ]
  },
	"name": "Duck Fur",
	"description": "Your body is made up of fur that's very flammable, fire does 2x dmg to you."
}