{
	"type": "origins:stacking_status_effect",
	"min_stacks": -600,
	"max_stacks": 1,
	"duration_per_stack": 10,
	"effects": [{
		"effect": "minecraft:weakness",
		"is_ambient": true,
		"show_particles": false,
		"show_icon": true
	}],

	"condition": {
		"type": "origins:and",
		"conditions": [{
				"type": "origins:fluid_height",
				"fluid": "minecraft:water",
				"comparison": "==",
				"compare_to": 0
			},
			{
				"type": "origins:in_rain",
				"inverted": true
			}
		]
	},
	"name": "Water Inhabitant",
	"description": "You live in the water too much and you are rarely in the land. You get weakness 1 on land."
}