{
  "type": "origins:simple",
  "name": "Flappy Wings",
  "description": "You can use your flappy wings to slowly fall down.",
  "condition": {
    "type": "origins:or",
    "conditions": [
      {
        "type": "origins:and",
        "conditions": [
          {
            "type": "origins:sneaking"
          },
          {
            "type": "origins:fall_flying"
          }
        ]
      },
      {
        "type": "origins:and",
        "conditions": [
          {
            "type": "origins:sneaking",
            "inverted": true
          },
          {
            "type": "origins:fall_flying",
            "inverted": true
          }
        ]
      }
    ]
  },
"loading_priority": 20
}