{
  "type": "origins:action_on_callback",
  "entity_action_added":
  {
  "type": "origins:execute_command",
  "command": "execute as @s run function inchling:smolman_two",
  "permission_level": 4
  },
  "entity_action_removed":
  {
    "type": "origins:and",
    "actions": [
  {
  "type": "origins:execute_command",
  "command": "execute as @s run function inchling:nosmol_two",
  "permission_level": 4
  },
  {
  "type": "origins:execute_command",
  "command": "attribute @s minecraft:generic.max_health base set 20",
  "permission_level": 4
  },
  {
  "type": "origins:execute_command",
  "command": "attribute @s minecraft:generic.movement_speed  base set 0.7",
  "permission_level": 4
      }
      ]  
  },
  "entity_action_respawned":
  {
  "type": "origins:execute_command",
  "command": "execute as @s run function inchling:smolman_two",
  "permission_level": 4
  },
  "execute_chosen_when_orb": true,
  "name": "bite sized",
  "description": "You are 4 times smaller than a regular person. You have 5 less hearts, 0.5 more attack speed, 0.25 less attack range and 1 less build range."
}