{
  "type": "origins:active_self",
  "entity_action": {
    "type": "origins:and",
    "actions": [
      {
        "type": "origins:apply_effect",
        "effect":{
          "effect": "minecraft:fire_resistance",
          "amplifier": 1,
          "duration": 500,
          "is_ambient": false,
          "show_icon": false,
          "show_particles": false
        }
      },
      {
        "type": "origins:execute_command",
        "command": "clear @s minecraft:blaze_powder 1",
        "permission_level": 4
      },
      {
        "type": "origins:execute_command",
        "command": "particle minecraft:flame ~ ~.3 ~ 0.1 0.1 0.1 0.3 11 force",
        "permission_level": 4
      },
      {
        "type": "origins:apply_effect",
        "effect":{
          "effect": "minecraft:saturation",
          "amplifier": 3,
          "duration": 4,
          "is_ambient": false,
          "show_icon": false,
          "show_particles": false
        }
      }
    ]
  },
  "condition": {

    "type": "origins:equipped_item",
    "equipment_slot": "mainhand",
    "item_condition": {

      "type": "origins:ingredient",
      "ingredient": {

        "item": "minecraft:blaze_powder"
      }
    }

  },
  "key": {
    "key": "key.use",
    "continuous": false
  },
  "cooldown": 300,
  "hud_render": {
    "should_render": true,
    "sprite_location": "origins:textures/gui/resource_bar.png",
    "bar_index": 7
  },
  "name": "Blaze Blood",
  "description": "You are able to eat blaze powder."
}