{
  "type": "origins:active_self",
  "entity_action": {
    "type": "origins:and",
    "actions": [
      {
        "type": "origins:apply_effect",
        "effect": {
          "effect": "minecraft:glowing",
          "amplifier": 4,
          "duration": 300,
          "is_ambient": false,
          "show_icon": false,
          "show_particles": false
        }
      },
      {
        "type": "origins:execute_command",
        "command": "clear @s minecraft:glowstone_dust 1",
        "permission_level": 4
      },
      {
        "type": "origins:execute_command",
        "command": "particle minecraft:dripping_lava ~ ~.3 ~ 0.1 0.1 0.1 0.3 11 force",
        "permission_level": 4
      },
      {
        "type": "origins:apply_effect",
        "effect":{
          "effect": "minecraft:saturation",
          "amplifier": 0,
          "duration": 5,
          "is_ambient": false,
          "show_icon": false,
          "show_particles": false
        }
      }
    ]
  },
  "condition": {

    "type": "origins:equipped_item",
    "equipment_slot": "mainhand",
    "item_condition": {

      "type": "origins:ingredient",
      "ingredient": {

        "item": "minecraft:glowstone_dust"
      }
    }

  },
  "key": {
    "key": "key.use",
    "continuous": false
  },
  "cooldown": 200,
  "hud_render": {
    "should_render": true,
    "sprite_location": "origins:textures/gui/community/spiderkolo/resource_bar_03.png",
    "bar_index": 15
  },
  "name": "GlowStick",
  "description": "Eating glowstone dust makes you glow like a light bulb."
}