{
  "type": "origins:active_self",
  "entity_action": {
    "type": "origins:and",
    "actions": [
      {
        "type": "origins:execute_command",
        "command": "effect give @e[distance=0.1..10] minecraft:slowness 20 3 true"
      },
      {
        "type": "origins:execute_command",
        "command": "clear @s minecraft:powder_snow_bucket 1",
        "permission_level": 4
      },
      {
        "type": "origins:execute_command",
        "command": "give @s minecraft:bucket 1"
      },
      {
        "type": "origins:execute_command",
        "command": "particle minecraft:item_snowball ~ ~.3 ~ 0.1 0.1 0.1 0.3 11 force",
        "permission_level": 4
      }
    ]
  },
  "condition": {
    "type": "origins:and",
    "conditions" :[
    {
    "type": "origins:equipped_item",
    "equipment_slot": "mainhand",
    "item_condition": {

      "type": "origins:ingredient",
      "ingredient": {

        "item": "minecraft:powder_snow_bucket"
        }
      }
    },
    {
      "type": "origins:sneaking"
    }
  ]

  },
  "key": {
    "key": "key.use",
    "continuous": false
  },
  "cooldown": 200,
  "hud_render": {
    "should_render": true,
    "sprite_location": "origins:textures/gui/community/spiderkolo/resource_bar_03.png",
    "bar_index": 5
  },
  "name": "Snowy Slowness",
  "description": "You can shift right click to throw powdered snow at everyone around you, slowing them down"
}
	