{
  "type": "origins:active_self",
  "entity_action": {
    "type": "origins:and",
    "actions": [
      {
        "type": "origins:apply_effect",
        "effect": {
          "effect": "minecraft:speed",
          "amplifier": 5,
          "duration": 350,
          "is_ambient": false,
          "show_icon": false,
          "show_particles": false
        }
      },
      {
        "type": "origins:execute_command",
        "command": "clear @s minecraft:redstone 1",
        "permission_level": 4
      },
      {
        "type": "origins:execute_command",
        "command": "particle minecraft:cloud ~ ~.3 ~ 0.1 0.1 0.1 0.3 11 force",
        "permission_level": 4
      },
      {
        "type": "origins:apply_effect",
        "effect":{
          "effect": "minecraft:saturation",
          "amplifier": 2,
          "duration": 5,
          "is_ambient": false,
          "show_icon": false,
          "show_particles": false
        }
      }
    ]
  },
  "condition": {
    "type": "origins:and",
    "conditions": [
    {
    "type": "origins:equipped_item",
    "equipment_slot": "mainhand",
    "item_condition": {

      "type": "origins:ingredient",
      "ingredient": {

        "item": "minecraft:redstone"
      }
    }
  },
  {
    "type": "origins:sneaking"
  }
      ]
  },
  "key": {
    "key": "key.use",
    "continuous": false
  },
  "cooldown": 400,
  "hud_render": {
    "should_render": true,
    "sprite_location": "origins:textures/gui/community/spiderkolo/resource_bar_02.png",
    "bar_index": 14
  },
  "name": "Red Powder",
  "description": "Eating redstone by shift right clicking allows you to gain a speed boost."
}
	