{
	"name": "Select",
	"hidden": true,
	
	"type": "origins:multiple",
	
	"other_selected": {
		"type": "origins:action_over_time",
		"interval": 1,
		"rising_action": {
			"type": "origins:and",
			"actions": [
				{
					"type": "origins:execute_command",
					"command": "function undeadscontroller:summonedactionbar",
					"permission_level": 4
				}
			]
		},
		"condition": {
			"type": "origins:and",
			"conditions": [
				{
					"type": "origins:command",
					"command": "data get entity @s SelectedItemSlot",
					"comparison": "<",
					"compare_to": 3
				}
			]
		}
	},
	"five_selected": {
		"type": "origins:action_over_time",
		"interval": 1,
		"rising_action": {
			"type": "origins:and",
			"actions": [
				{
					"type": "origins:execute_command",
					"command": "title @s actionbar {\"text\":\"Undead horse\",\"color\":\"white\"}",
					"permission_level": 4
				}
			]
		},
		"condition": {
			"type": "origins:and",
			"conditions": [
				{
					"type": "origins:command",
					"command": "data get entity @s SelectedItemSlot",
					"comparison": "==",
					"compare_to": 4
				}
			]
		}
	},
	
	"six_selected": {
		"type": "origins:action_over_time",
		"interval": 1,
		"rising_action": {
			"type": "origins:and",
			"actions": [
				{
					"type": "origins:execute_command",
					"command": "title @s actionbar {\"text\":\"Undead Attack\",\"color\":\"dark_red\"}",
					"permission_level": 4
				}
			]
		},
		"condition": {
			"type": "origins:and",
			"conditions": [
				{
					"type": "origins:command",
					"command": "data get entity @s SelectedItemSlot",
					"comparison": "==",
					"compare_to": 5
				}
			]
		}
	},
	
	"seven_selected": {
		"type": "origins:action_over_time",
		"interval": 1,
		"rising_action": {
			"type": "origins:and",
			"actions": [
				{
					"type": "origins:execute_command",
					"command": "title @s actionbar {\"text\":\"Freeze Undead\",\"color\":\"aqua\"}",
					"permission_level": 4
				}
			]
		},
		"condition": {
			"type": "origins:and",
			"conditions": [
				{
					"type": "origins:command",
					"command": "data get entity @s SelectedItemSlot",
					"comparison": "==",
					"compare_to": 6
				}
			]
		}
	},
	
	"eight_selected": {
		"type": "origins:action_over_time",
		"interval": 1,
		"rising_action": {
			"type": "origins:and",
			"actions": [
				{
					"type": "origins:execute_command",
					"command": "title @s actionbar {\"text\":\"Undead Attraction\",\"color\":\"dark_purple\"}",
					"permission_level": 4
				}
			]
		},
		"condition": {
			"type": "origins:and",
			"conditions": [
				{
					"type": "origins:command",
					"command": "data get entity @s SelectedItemSlot",
					"comparison": "==",
					"compare_to": 7
				}
			]
		}
	},
	
	"nine_selected": {
		"type": "origins:action_over_time",
		"interval": 1,
		"rising_action": {
			"type": "origins:and",
			"actions": [
				{
					"type": "origins:execute_command",
					"command": "title @s actionbar {\"text\":\"Undead Absorption\",\"color\":\"gold\"}",
					"permission_level": 4
				}
			]
		},
		"condition": {
			"type": "origins:and",
			"conditions": [
				{
					"type": "origins:command",
					"command": "data get entity @s SelectedItemSlot",
					"comparison": "==",
					"compare_to": 8
				}
			]
		}
	}
}