{
	"name": "More Damage Taken",
	"hidden": true,
	
	"type": "origins:multiple",
	
	"invulnerabilityzombie": {
		"type": "origins:invulnerability",
		"damage_condition": {
			"type": "origins:attacker",
			"entity_condition": {
				"type": "origins:entity_type",
				"entity_type": "minecraft:zombie"
			}
		}
	},
	
	"invulnerabilityskeleton": {
		"type": "origins:invulnerability",
		"damage_condition": {
			"type": "origins:attacker",
			"entity_condition": {
				"type": "origins:entity_type",
				"entity_type": "minecraft:skeleton"
			}
		}
	},
	
	"invulnerabilityhusk": {
		"type": "origins:invulnerability",
		"damage_condition": {
			"type": "origins:attacker",
			"entity_condition": {
				"type": "origins:entity_type",
				"entity_type": "minecraft:husk"
			}
		}
	},
	
	"invulnerabilityhusk": {
		"type": "origins:invulnerability",
		"damage_condition": {
			"type": "origins:attacker",
			"entity_condition": {
				"type": "origins:entity_type",
				"entity_type": "minecraft:stray"
			}
		}
	},
	
	"invulnerabilityzombie_villager": {
		"type": "origins:invulnerability",
		"damage_condition": {
			"type": "origins:attacker",
			"entity_condition": {
				"type": "origins:entity_type",
				"entity_type": "minecraft:zombie_villager"
			}
		}
	},
	
	"invulnerabilityzombified_piglin": {
		"type": "origins:invulnerability",
		"damage_condition": {
			"type": "origins:attacker",
			"entity_condition": {
				"type": "origins:entity_type",
				"entity_type": "minecraft:zombified_piglin"
			}
		}
	},
	
	"invulnerabilityzoglin": {
		"type": "origins:invulnerability",
		"damage_condition": {
			"type": "origins:attacker",
			"entity_condition": {
				"type": "origins:entity_type",
				"entity_type": "minecraft:zoglin"
			}
		}
	},
	
	"invulnerabilitydrowned": {
		"type": "origins:invulnerability",
		"damage_condition": {
			"type": "origins:attacker",
			"entity_condition": {
				"type": "origins:entity_type",
				"entity_type": "minecraft:drowned"
			}
		}
	},
	
	"invulnerabilitywither_skeleton": {
		"type": "origins:invulnerability",
		"damage_condition": {
			"type": "origins:attacker",
			"entity_condition": {
				"type": "origins:entity_type",
				"entity_type": "minecraft:wither_skeleton"
			}
		}
	},
	
	"generic": {
		"type": "origins:modify_damage_taken",
		"modifier": {
			"name": "Origin modifier",
			"value": 1,
			"operation": "multiply_total"
		},
		"damage_condition": {
			"type":"origins:or",
			"conditions":[
				{
					"type": "origins:name",
					"name": "generic"
				},
				{
					"type": "origins:name",
					"name": "magic"
				},
				{
					"type": "origins:name",
					"name": "wither"
				},
				{
					"type": "origins:name",
					"name": "witherSkull"
				},
				{
					"type": "origins:name",
					"name": "mob"
				},
				{
					"type": "origins:name",
					"name": "inFire"
				},
				{
					"type": "origins:name",
					"name": "onFire"
				},
				{
					"type": "origins:name",
					"name": "lava"
				},
				{
					"type": "origins:name",
					"name": "hotFloor"
				},
				{
					"type": "origins:name",
					"name": "thrown"
				},
				{
					"type": "origins:name",
					"name": "indirectMagic"
				},
				{
					"type": "origins:name",
					"name": "anvil"
				},
				{
					"type": "origins:name",
					"name": "fallingBlock"
				},
				{
					"type": "origins:name",
					"name": "dragonBreath"
				},
				{
					"type": "origins:name",
					"name": "dryOut"
				},
				{
					"type": "origins:name",
					"name": "badRespawnPoint"
				},
				{
					"type": "origins:name",
					"name": "thorns"
				},
				{
					"type": "origins:name",
					"name": "flyIntoWall"
				},
				{
					"type": "origins:name",
					"name": "outOfWorld"
				},
				{
					"type": "origins:name",
					"name": "cactus"
				},
				{
					"type": "origins:name",
					"name": "drown"
				},
				{
					"type": "origins:name",
					"name": "cramming"
				},
				{
					"type": "origins:name",
					"name": "trident"
				},
				{
					"type": "origins:name",
					"name": "arrow"
				},
				{
					"type": "origins:name",
					"name": "sting"
				},
				{
					"type": "origins:name",
					"name": "fall"
				},
				{
					"type": "origins:name",
					"name": "inWall"
				},
				{
					"type": "origins:name",
					"name": "lightningBolt"
				},
				{
					"type": "origins:name",
					"name": "starve"
				},
				{
					"type": "origins:name",
					"name": "sweetBerryBush"
				},
				{
					"type": "origins:name",
					"name": "player"
				},
				{
					"type": "origins:name",
					"name": "explosion"
				},
				{
					"type": "origins:name",
					"name": "explosion.player"
				},
				{
					"type": "origins:name",
					"name": "fireworks"
				}
			]
		},
		"condition": {
			"type": "origins:resource",
			"resource": "undeadscontroller:undeadenergy_activated",
			"comparison": "==",
			"compare_to": 1
		}
	}
}