{
	"name": "Nightborne",
	"description": "You get weakness when you're exposed to the sun, but you get strength when you're exposed to the night sky.",
	
	"type": "origins:multiple",
	
	"sun": {
		"type": "origins:action_over_time",
		"interval": 200,
		"entity_action": {
			"type": "origins:if_else",
			"condition": {
				"type": "origins:exposed_to_sun"
			},
			"if_action": {
				"type": "origins:execute_command",
				"command": "effect give @s minecraft:weakness 11 0 true",
				"permission_level": 4
			},
			"else_action": {
				"type": "origins:execute_command",
				"command": "effect give @s minecraft:strength 11 0 true",
				"permission_level": 4
			}
		},
		"condition": {
			"type": "origins:exposed_to_sky"
		}
	}
}