{
	"name": "Scoreboards",
	"hidden": true,
	
	"type": "origins:multiple",
	
	"death_reset": {
		"type": "origins:action_on_callback",
		"entity_action_chosen": {
			"type": "origins:and",
			"actions": [
				{
					"type": "origins:execute_command",
					"command": "function undeadscontroller:reset",
					"permission_level": 4
				},
				{
					"type": "origins:execute_command",
					"command": "scoreboard objectives add UndeadCount dummy",
					"permission_level": 4
				},
				{
					"type": "origins:execute_command",
					"command": "scoreboard objectives add UndeadsDistance dummy",
					"permission_level": 4
				},
				{
					"type": "origins:execute_command",
					"command": "scoreboard objectives add SumUndeads dummy",
					"permission_level": 4
				},
				{
					"type": "origins:execute_command",
					"command": "scoreboard objectives add UUID_1 dummy",
					"permission_level": 4
				},
				{
					"type": "origins:execute_command",
					"command": "scoreboard objectives add UUID_2 dummy",
					"permission_level": 4
				},
				{
					"type": "origins:execute_command",
					"command": "scoreboard objectives add UUID_3 dummy",
					"permission_level": 4
				},
				{
					"type": "origins:execute_command",
					"command": "scoreboard objectives add UUID_4 dummy",
					"permission_level": 4
				},
				{
					"type": "origins:execute_command",
					"command": "execute as @a store result score @s UUID_1 run data get entity @s UUID[0]",
					"permission_level": 4
				},
				{
					"type": "origins:execute_command",
					"command": "execute as @a store result score @s UUID_2 run data get entity @s UUID[1]",
					"permission_level": 4
				},
				{
					"type": "origins:execute_command",
					"command": "execute as @a store result score @s UUID_3 run data get entity @s UUID[2]",
					"permission_level": 4
				},
				{
					"type": "origins:execute_command",
					"command": "execute as @a store result score @s UUID_4 run data get entity @s UUID[3]",
					"permission_level": 4
				}
			]
		},
		"entity_action_added": {
			"type": "origins:and",
			"actions": [
				{
					"type": "origins:execute_command",
					"command": "scoreboard objectives add UndeadCount dummy",
					"permission_level": 4
				},
				{
					"type": "origins:execute_command",
					"command": "scoreboard objectives add SumUndeads dummy",
					"permission_level": 4
				},
				{
					"type": "origins:execute_command",
					"command": "scoreboard objectives add UndeadsDistance dummy",
					"permission_level": 4
				},
				{
					"type": "origins:execute_command",
					"command": "team add UndeadsControl",
					"permission_level": 4
				},
				{
					"type": "origins:execute_command",
					"command": "team join UndeadsControl @s",
					"permission_level": 4
				},
				{
					"type": "origins:execute_command",
					"command": "scoreboard objectives add UUID_1 dummy",
					"permission_level": 4
				},
				{
					"type": "origins:execute_command",
					"command": "scoreboard objectives add UUID_2 dummy",
					"permission_level": 4
				},
				{
					"type": "origins:execute_command",
					"command": "scoreboard objectives add UUID_3 dummy",
					"permission_level": 4
				},
				{
					"type": "origins:execute_command",
					"command": "scoreboard objectives add UUID_4 dummy",
					"permission_level": 4
				},
				{
					"type": "origins:execute_command",
					"command": "execute as @a store result score @s UUID_1 run data get entity @s UUID[0]",
					"permission_level": 4
				},
				{
					"type": "origins:execute_command",
					"command": "execute as @a store result score @s UUID_2 run data get entity @s UUID[1]",
					"permission_level": 4
				},
				{
					"type": "origins:execute_command",
					"command": "execute as @a store result score @s UUID_3 run data get entity @s UUID[2]",
					"permission_level": 4
				},
				{
					"type": "origins:execute_command",
					"command": "execute as @a store result score @s UUID_4 run data get entity @s UUID[3]",
					"permission_level": 4
				}
			]
		},
		"entity_action_lost": {
			"type": "origins:and",
			"actions": [
				{
					"type": "origins:execute_command",
					"command": "function undeadscontroller:reset",
					"permission_level": 4
				},
				{
					"type": "origins:execute_command",
					"command": "team leave @s",
					"permission_level": 4
				}
			]
		},
		"entity_action_respawned": {
			"type": "origins:and",
			"actions": [
				{
					"type": "origins:execute_command",
					"command": "function undeadscontroller:reset",
					"permission_level": 4
				},
				{
					"type": "origins:change_resource",
					"resource": "undeadscontroller:undeadenergy_energy",
					"change": -120
				}
			]
		},
		"execute_chosen_when_orb": true
	}
}