{
	"name": "Summon Undead",
	"description": "Summon a zombie and a skeleton beyond the grave to help fight but you gain undead energy. (only able to summon 10 total)",
	
	"type": "origins:multiple",
	
	"zombie": {
		"type": "origins:active_self",
		"entity_action": {
			"type": "origins:and",
			"actions": [
				{
					"type": "origins:and",
					"actions":[
						{
							"type": "origins:trigger_cooldown",
							"power": "undeadscontroller:cooldownsummon"
						},
						{
							"type": "origins:change_resource",
							"resource": "undeadscontroller:undeadenergy_energy",
							"change": 120
						},
						{
							"type": "origins:change_resource",
							"resource": "undeadscontroller:undeadenergy_activated",
							"change": 1
						}
					]
				},
				{
					"type": "origins:if_else",
					"condition": {
						"type": "origins:command",
						"command": "scoreboard players get @s SumUndeads",
						"comparison": "<",
						"compare_to": 10
					},
					"if_action": {
						"type": "origins:and",
						"actions": [
							{
								"type": "origins:spawn_entity",
								"entity_type": "minecraft:zombie",
								"tag": "{PersistenceRequired:1b,CustomNameVisible:1,CanPickUpLoot:0b,Attributes:[{Name:'generic.followRange',Base:32}],IsBaby:0,HandItems:[{id:'minecraft:iron_sword',Count:1},{}],HandDropChances:[0F,0F],ArmorItems:[{},{},{Count:1,id:'minecraft:iron_chestplate'},{id:'minecraft:iron_helmet',Count:1}],ArmorDropChances:[0F,0F,0F,0F],Tags:['summonedzombie'],Team:UndeadsControl}",
								"entity_action": {
									"type": "origins:and",
									"actions": [
										{
											"type": "origins:execute_command",
											"command": "function undeadscontroller:undead",
											"permission_level": 4
										}
									]
								}
							},
							{
								"type": "origins:spawn_entity",
								"entity_type": "minecraft:skeleton",
								"tag": "{PersistenceRequired:1b,CustomNameVisible:1,CanPickUpLoot:0b,Attributes:[{Name:'generic.followRange',Base:32}],IsBaby:0,HandItems:[{id:'minecraft:bow',Count:1},{}],HandDropChances:[0F,0F],ArmorItems:[{},{},{Count:1,id:'minecraft:leather_chestplate'},{id:'minecraft:leather_helmet',Count:1}],ArmorDropChances:[0F,0F,0F,0F],Tags:['summonedskeleton'],Team:UndeadsControl}",
								"entity_action": {
									"type": "origins:and",
									"actions": [
										{
											"type": "origins:execute_command",
											"command": "function undeadscontroller:undead",
											"permission_level": 4
										}
									]
								}
							}

						]
					}
				}
			]
		},
		"condition": {
			"type": "origins:and",
			"conditions": [
				{
					"type": "origins:resource",
					"resource": "undeadscontroller:cooldownsummon",
					"comparison": "==",
					"compare_to": 0
				}
			]
		},
		"cooldown": 0,
		"hud_render": {
			"should_render": true
		},
		"key": {
			"key": "key.origins.primary_active",
			"continuous": true
		}
	}
}