{
	"name": "Undead Attack",
	"description": "By pressing the secondary key in slot number 6 of the inventory while you are looking at an entity, all undead summoned by you will attack it.",
	
	"type": "origins:multiple",
	
	"mark": {
		"type": "origins:active_self",
		"entity_action": {
			"type": "origins:and",
			"actions": [
				{
					"type": "origins:execute_command",
					"command": "execute as @s run tag @s add UndeadsConSelf",
					"permission_level": 4
				},
				{
					"type": "origins:execute_command",
					"command": "execute at @s as @s run scoreboard players set @s UndeadsDistance 32",
					"permission_level": 4
				},
				{
					"type": "origins:execute_command",
					"command": "execute at @s as @s anchored eyes run function undeadscontroller:look",
					"permission_level": 4
				},
				{
					"type": "origins:delay",
					"ticks": 10,
					"action": {
						"type": "origins:execute_command",
						"command": "execute as @s run tag @s remove UndeadsConSelf",
						"permission_level": 4
					}
				}
			]
		},
		"condition": {
			"type": "origins:and",
			"conditions": [
				{
					"type": "origins:command",
					"command": "data get entity @s SelectedItemSlot",
					"comparison": "==",
					"compare_to": 5
				},
				{
					"type": "origins:resource",
					"resource": "undeadscontroller:undeadenergy_activated",
					"comparison": "==",
					"compare_to": 1
				}
			]
		},
		"cooldown": 20,
		"hud_render": {
			"should_render": true,
			"sprite_location": "origins:textures/gui/community/spiderkolo/resource_bar_02.png",
			"bar_index": 1
		},
		"key": {
			"key": "key.origins.secondary_active",
			"continuous": false
		}
	}
}