{
	"name": "Freeze Undead",
	"description": "By pressing the secondary key in slot number 7 of the inventory, you freeze all summoned undead, making them stand still without attacking. Press again to unfreeze.",
	"hidden": false,
	
	"type": "origins:multiple",
	
	"freeze": {
		"type": "origins:active_self",
		"entity_action": {
			"type": "origins:if_else",
			"condition": {
				"type": "origins:resource",
				"resource": "undeadscontroller:undeadenergy_freezed",
				"comparison": "==",
				"compare_to": 0
			},
			"if_action": {
				"type": "origins:and",
				"actions": [
					{
						"type": "origins:execute_command",
						"command": "function undeadscontroller:freeze",
						"permission_level": 4
					},
					{
						"type": "origins:change_resource",
						"resource": "undeadscontroller:undeadenergy_freezed",
						"change": 1
					}
				]
			},
			"else_action": {
				"type": "origins:and",
				"actions": [
					{
						"type": "origins:execute_command",
						"command": "function undeadscontroller:unfreeze",
						"permission_level": 4
					},
					{
						"type": "origins:change_resource",
						"resource": "undeadscontroller:undeadenergy_freezed",
						"change": -1
					}
				]
			}
		},
		"condition": {
			"type": "origins:and",
			"conditions": [
				{
					"type": "origins:command",
					"command": "data get entity @s SelectedItemSlot",
					"comparison": "==",
					"compare_to": 6
				},
				{
					"type": "origins:resource",
					"resource": "undeadscontroller:undeadenergy_activated",
					"comparison": "==",
					"compare_to": 1
				}
			]
		},
		"cooldown": 100,
		"hud_render": {
			"should_render": true,
			"sprite_location": "origins:textures/gui/community/spiderkolo/resource_bar_03.png",
			"bar_index": 0
		},
		"key": {
			"key": "key.origins.secondary_active",
			"continuous": false
		}
	}
}