{
	"name": "Undead Horse",
	"description": "By pressing the secondary key in slot number 5 of the inventory, you summon a skeleton horse to aid you.",
	"hidden": false,
	
	"type": "origins:multiple",
	
	"attraction": {
		"type": "origins:active_self",
		"entity_action": {
			"type": "origins:and",
			"actions": [
				{
					"type": "origins:execute_command",
					"command": "summon skeleton_horse ~ ~ ~ {Tame:1,SaddleItem:{id:saddle,Count:1}}"
				},
				{
					"type": "origins:execute_command",
					"command": "playsound entity.evoker.cast_spell ambient @p ~ ~ ~"
				}
			]
		},
		"condition": {
			"type": "origins:and",
			"conditions": [
				{
					"type": "origins:command",
					"command": "data get entity @s SelectedItemSlot",
					"comparison": "==",
					"compare_to": 4
				}
			]
		},
		"cooldown": 300,
		"hud_render": {
			"should_render": true,
			"sprite_location": "origins:textures/gui/community/spiderkolo/resource_bar_03.png",
			"bar_index": 5
		},
		"key": {
			"key": "key.origins.secondary_active",
			"continuous": false
		}
	}
}