{
	"name": "Undead Energy",
	"description": "You have an energy bar that fully fills up whenever you summon an undead. Whenever the energy of this bar is greater than 0, the amount of damage taken from any source will be increased twice. When the bar runs out of energy, all undead will disappear and the amount of damage taken will return to normal.",
	"hidden": false,
	
	"type": "origins:multiple",
	
	"energy": {
		"type": "origins:resource",
		"min": 0,
		"max": 120,
		"hud_render": {
			"should_render": true,
			"sprite_location": "origins:textures/gui/community/spiderkolo/resource_bar_02.png",
			"bar_index": 19
		}
	},
	
	"activated": {
		"type": "origins:resource",
		"min": 0,
		"max": 1,
		"hud_render": {
			"should_render": false
		}
	},
	
	"freezed": {
		"type": "origins:resource",
		"min": 0,
		"max": 1,
		"hud_render": {
			"should_render": false
		}
	},
	
	"decrement": {
		"type": "origins:action_over_time",
		"entity_action": {
			"type": "origins:if_else",
			"condition": {
				"type": "origins:resource",
				"resource": "undeadscontroller:undeadenergy_energy",
				"comparison": "==",
				"compare_to": 0
			},
			"if_action": {
				"type": "origins:and",
				"actions": [
					{
						"type": "origins:change_resource",
						"resource": "undeadscontroller:undeadenergy_activated",
						"change": -1
					},
					{
						"type": "origins:execute_command",
						"command": "function undeadscontroller:reset",
						"permission_level": 4
					},
					{
						"type": "origins:change_resource",
						"resource": "undeadscontroller:undeadenergy_freezed",
						"change": -1
					},
					{
						"type": "origins:execute_command",
						"command": "scoreboard players set @s UndeadCount 0",
						"permission_level": 4
					},
					{
						"type": "origins:execute_command",
						"command": "execute at @s as @e[type=!minecraft:player,team=UndeadsControl] if score @p[team=UndeadsControl] UUID_1 = @s UUID_1 if score @p[team=UndeadsControl] UUID_2 = @s UUID_2 if score @p[team=UndeadsControl] UUID_3 = @s UUID_3 if score @p[team=UndeadsControl] UUID_4 = @s UUID_4 run scoreboard players add @p[team=UndeadsControl] UndeadCount 1",
						"permission_level": 4
					},
					{
						"type": "origins:execute_command",
						"command": "execute unless score @s SumUndeads = @s UndeadCount run function undeadscontroller:summonedactionbar",
						"permission_level": 4
					}
				]
			},
			"else_action": {
				"type": "origins:and",
				"actions": [
					{
						"type": "origins:change_resource",
						"resource": "undeadscontroller:undeadenergy_energy",
						"change": -1
					},
					{
						"type": "origins:execute_command",
						"command": "scoreboard players set @s UndeadCount 0",
						"permission_level": 4
					},
					{
						"type": "origins:execute_command",
						"command": "execute at @s as @e[type=!minecraft:player,team=UndeadsControl] if score @p[team=UndeadsControl] UUID_1 = @s UUID_1 if score @p[team=UndeadsControl] UUID_2 = @s UUID_2 if score @p[team=UndeadsControl] UUID_3 = @s UUID_3 if score @p[team=UndeadsControl] UUID_4 = @s UUID_4 run scoreboard players add @p[team=UndeadsControl] UndeadCount 1",
						"permission_level": 4
					},
					{
						"type": "origins:execute_command",
						"command": "execute unless score @s SumUndeads = @s UndeadCount run function undeadscontroller:summonedactionbar",
						"permission_level": 4
					},
					{
						"type": "origins:if_else",
						"condition": {
							"type": "origins:command",
							"command": "scoreboard players get @s SumUndeads",
							"comparison": "==",
							"compare_to": 0
						},
						"if_action": {
							"type": "origins:and",
							"actions": [
								{
									"type": "origins:change_resource",
									"resource": "undeadscontroller:undeadenergy_energy",
									"change": -120
								},
								{
									"type": "origins:change_resource",
									"resource": "undeadscontroller:undeadenergy_activated",
									"change": -1
								}
							]
						}
					}
				]
			}
		},
		"interval": 20,
		"condition": {
			"type": "origins:resource",
			"resource": "undeadscontroller:undeadenergy_activated",
			"comparison": "==",
			"compare_to": 1
		}
	}
}