{
	"name": "Undead Attraction",
	"description": "By pressing the secondary key in slot number 8 of the inventory, you summon all your undead to you",
	"hidden": false,
	
	"type": "origins:multiple",
	
	"attraction": {
		"type": "origins:active_self",
		"entity_action": {
			"type": "origins:and",
			"actions": [
				{
					"type": "origins:execute_command",
					"command": "function undeadscontroller:attraction",
					"permission_level": 4
				}
			]
		},
		"condition": {
			"type": "origins:and",
			"conditions": [
				{
					"type": "origins:command",
					"command": "data get entity @s SelectedItemSlot",
					"comparison": "==",
					"compare_to": 7
				},
				{
					"type": "origins:resource",
					"resource": "undeadscontroller:undeadenergy_activated",
					"comparison": "==",
					"compare_to": 1
				}
			]
		},
		"cooldown": 600,
		"hud_render": {
			"should_render": true,
			"sprite_location": "origins:textures/gui/community/spiderkolo/resource_bar_03.png",
			"bar_index": 7
		},
		"key": {
			"key": "key.origins.secondary_active",
			"continuous": false
		}
	}
}