{
	"name": "Undead Absorption",
	"description": "By pressing the secondary key in slot number 9 of the inventory, you absorb all the undead summoned by you, giving you absorption based on the amount of undead you summoned.",
	"hidden": false,
	
	"type": "origins:multiple",
	
	"absorption": {
		"type": "origins:active_self",
		"entity_action": {
			"type": "origins:and",
			"actions": [
				{
					"type": "origins:change_resource",
					"resource": "undeadscontroller:undeadenergy_energy",
					"change": -120
				},
				{
					"type": "origins:execute_command",
					"command": "function undeadscontroller:absorption",
					"permission_level": 4
				},
				{
					"type": "origins:change_resource",
					"resource": "undeadscontroller:undeadenergy_freezed",
					"change": -1
				}
			]
		},
		"condition": {
			"type": "origins:and",
			"conditions": [
				{
					"type": "origins:command",
					"command": "data get entity @s SelectedItemSlot",
					"comparison": "==",
					"compare_to": 8
				},
				{
					"type": "origins:resource",
					"resource": "undeadscontroller:undeadenergy_activated",
					"comparison": "==",
					"compare_to": 1
				}
			]
		},
		"cooldown": 200,
		"hud_render": {
			"should_render": true,
			"sprite_location": "origins:textures/gui/community/spiderkolo/resource_bar_01.png",
			"bar_index": 0
		},
		"key": {
			"key": "key.origins.secondary_active",
			"continuous": false
		}
	}
}