{
  "type": "origins:action_over_time",
  "entity_action": {
    "type": "origins:execute_command",
    "command": "execute as @e[type=minecraft:wolf, distance=..64] run data modify entity @s AngryAt set from entity @p UUID",
    "permission_level": 4
  },
  "interval": 10,
    "name":"Untrusted",
    "description":"You give off some pretty sketchy vibes...usually non-hostile mobs such as wolves and Iron Golems become hostile towards you, and Villagers will always charge you their maximum price."
}