{
    "type": "origins:active_self",
    "entity_action": {
        "type": "origins:execute_command",
        "command": "execute as @s at @s anchored eyes positioned ^ ^ ^ anchored feet run function vdv_raycast:start_ray",
        "permission_level": 4
    },
  "cooldown": 60,
  "hud_render": {
    "should_render": true,
    "sprite_location": "origins:textures/gui/community/spiderkolo/resource_bar_02.png",
    "bar_index": 15
  },
  "key": "secondary",
  "name": "Stretchy arms",
  "description": "You can grab entities and pull them or grab onto a block and pull yourself"
}