{
    "type": "origins:target_action_on_hit",
    "entity_action": {
        "type": "origins:apply_effect",
        "effect": {
            "effect": "minecraft:nausea",
            "amplifier": 2,
            "duration": 200,
            "is_ambient": false,
            "show_particles": true,
            "show_icon": false
        },
        "effects": [
            {
                "duration": 200,
                "is_ambient": false,
                "show_particles": true,
                "show_icon": false,
                "effect": "minecraft:slowness",
                "amplifier": 1
            },
            {
                "duration": 100,
                "is_ambient": false,
                "show_particles": true,
                "show_icon": false,
                "effect": "minecraft:blindness",
                "amplifier": 1
            }
        ]
    },
    "cooldown": 100,
    "hud_render": {
        "should_render": true,
        "sprite_location": "origins:textures/gui/community/spiderkolo/resource_bar_02.png",
        "bar_index": 20
    },
    "name": "Moldy Cheese",
    "description": "You gross out your enemies when you hit them with your moldy fists.",
    "condition": {
        "type": "origins:equipped_item",
        "inverted": false,
        "equipment_slot": "mainhand",
        "item_condition": {
            "type": "origins:ingredient",
            "inverted": false,
            "ingredient": {
                "item": "minecraft:air"
            }
        }
    },
    "hidden": false
}