{
	"type": "origins:active_self",
	"entity_action":
	{
		"type": "origins:if_else",
		"condition":
		{
			"type": "origins:resource",
			"resource": "cheese:size_resource",
			"comparison": "<",
			"compare_to": 1
		},
		"if_action":
		{
			"type": "origins:change_resource",
			"resource": "cheese:size_resource",
			"change": 2
		},
		"else_action":
		{
			"type": "origins:if_else",
			"condition":
			{
				"type": "origins:resource",
				"resource": "cheese:size_resource",
				"comparison": ">",
				"compare_to": 1
			},
			"if_action":
			{
				"type": "origins:change_resource",
				"resource": "cheese:size_resource",
				"change": -1
			},
			"else_action":
			{
				"type": "origins:change_resource",
				"resource": "cheese:size_resource",
				"change": -1
			}
		}
	},
	"cooldown": 5,
	"hud_render":
	{
		"should_render": false
	},
	"key": "primary",
	"hidden": true
}