{
	"powers": [
		"lush:smolman",
		"lush:poison_dart",
		"lush:blind",
		"lush:dart_sound",
		"lush:toggle",
		"lush:climbing",
		"lush:delicacy",
		"lush:berries/berry",
		"lush:berries/glow_berry",
		"lush:berries/desc",
		"lush:spawn",
		"lush:blinded",
		"lush:fragile",
		"lush:flammable",
		"lush:desc",
		"lush:language"
	],
	"icon": "minecraft:glow_berries",
	"order": 10,
	"impact": 2,
	"name": "Lusherian",
	"description": "A small humanoid creature, living in villages deep within the lush caves."
}
