{
    "type": "origins:active_self",
    "entity_action": {
        "type": "origins:and",
        "actions": [{
                "type": "origins:execute_command",
                "command": "particle minecraft:cloud ~ ~ ~ 0.5 0 0.5 0.2 20 normal",
                "permission_level": 4
            },
            {
                "type": "origins:add_velocity",
                "z": 0,
                "space": "local"
            },
            {
                "type": "origins:add_velocity",
                "y": 1
            },
            {
                "type": "origins:exhaust",
                "amount": 0.6
            }
        ]
    },
    "condition": {
        "type": "origins:fall_flying"
    },
    "key": {
        "key": "key.jump",
        "continuous": false
    },
    "cooldown": 50,
    "hud_render": {
        "should_render": true,
        "sprite_location": "origins:textures/gui/community/spiderkolo/resource_bar_03.png",
        "bar_index": 23
    },
    "name": "Skywats Gust",
    "description": "When flying pushing space will boost you into the air."
}