{
    "type": "origins:multiple",
    "axe": {
        "type": "origins:modify_damage_taken",
        "modifier": {
            "operation": "multiply_total",
            "value": 3
        },
        "damage_condition": {
            "type": "origins:attacker",
            "entity_condition": {
                "type": "origins:equipped_item",
                "equipment_slot": "mainhand",
                "item_condition": {
                    "type": "origins:ingredient",
                    "ingredient": {
                        "tag": "zorras:axes_tag"
                    }
                }
            }
        }
    },
    "arrow": {
        "type": "origins:modify_damage_taken",
        "damage_condition": {
            "type": "origins:projectile",
            "projectile": "minecraft:arrow"
        },
        "modifier": {
            "operation": "multiply_total",
            "value": 3
        }
    },
    "explosion": {
        "type": "origins:modify_damage_taken",
        "damage_condition": {
            "type": "origins:name",
            "name": "explosion"
        },
        "modifier": {
            "operation": "multiply_base",
            "value": 0.5
        }
    },
    "explosion2": {
        "type": "origins:modify_damage_taken",
        "damage_condition": {
            "type": "origins:name",
            "name": "explosion.player"
        },
        "modifier": {
            "operation": "multiply_base",
            "value": 0.5
        }
    },
    "name": "Weapon Weakness",
    "description": "You take 3x damage from axes, explosions, and projectiles"
}