{
	"powers": [
	"redstone:engineer",
	"redstone:launch",
	"redstone:detective_bar",
	"redstone:detective_bar_decrease",
	"redstone:detective_healthpeek",
	"redstone:detective_slowdown",
	"redstone:detective_slowdown-not",
	"redstone:detective_toggle1",
	"redstone:detective_toggle2",
	"redstone:detective_view",
	"redstone:detective_vision",
	"redstone:food2",
	"redstone:food3",
	"redstone:food4",
	"redstone:food5",
	"redstone:no_effects",
	"redstone:plating",
	"redstone:hydrophobic",
	"redstone:particle",
	"origins:fall_immunity",
	"redstone:cavity",
	"redstone:cavity2",
	"redstone:shield"
	
	],
	"icon": "minecraft:redstone",
	"order": 10,
	"impact": 3,
	"name": "Redstone Automation",
	"description": "A machine built by the old ones to watch and maintain the stronghold."
}