{
	"powers": [
		"crystal:smolman",
		"crystal:raycastlightning",
		"crystal:mineral_deposit",
		"crystal:mineral_deposit_sound",
		"crystal:night_vision",
		"crystal:toggle",
		"crystal:steps/steps_f",
		"crystal:steps/steps_l",
		"crystal:steps/steps_r",
		"crystal:steps/steps_b",
		"crystal:health",
		"crystal:extra_reach",
		"crystal:punch",
		"crystal:powerful_arms",
		"crystal:fall_immunity",
		"crystal:monch",
		"crystal:steps/steps_sprint",
		"crystal:desc/arms",
		"crystal:feed",
		"crystal:hurt",
		"crystal:slow",
		"crystal:spawn",
		"crystal:breathe",
		"crystal:redstone_diet",
		"crystal:no_water",
		"crystal:slow_falling",
		"crystal:more_exhaustion",
		"origins:no_shield",
		"crystal:flammable"
	],
	"icon": "minecraft:redstone",
	"order": 10,
	"impact": 3,
	"name": "Redstone Golem",
	"description": "A powerful rock golem, harnessing the power of the earth to protect its underground cave systems."
}
