{
	"powers": [
	"creeper:explosion",
	"creeper:explosion2",
	"creeper:explosion_immunity",
	"creeper:explosion_immunity2",
	"creeper:ailurophobia",
	"origins:no_shield",
	"creeper:gunpowder_particles",
	"creeper:explosive",
	"creeper:creeper_tolerance",
	"creeper:charged",
	"creeper:tntlaunch",
	"creeper:tntshake",
	"creeper:fall_immunity"
	],
	"icon": "minecraft:gunpowder",
	"order": 9,
	"impact": 2,
        "name": "Creeper",
        "description": "As a part-creeper creature, you have some of the abilities of one."
}