{
    "powers": [
        "origins:water_breathing",
		"origins:aqua_affinity",
        "manta:deeg",
        "manta:fishdiet",
        "origins:water_vision",
        "origins:swim_speed",
        "origins:aquatic",
        "origins:conduit_power_on_land",
        "origins:air_from_potions",
        "manta:halfair",
        "manta:water_s",
		"manta:wide",
		"manta:fly",
		"manta:water",
		"manta:fallbutno",
		"manta:ruck",
		"manta:trident"
		
		
    ],
    "icon": "minecraft:tube_coral",
    "order": 9,
    "impact": 3,
    "name": "Manta Ray",
    "description": "your ancestors were into some really kinky stuff, and decided that maybe mantarays were a good idea, tunrs out it was, ur pretty powerful in the water, you will just have the guilt of knowing how you came to be."
}