{
    "type": "origins:launch",
    "speed": 50,
    "cooldown": 500,
    "key": "key.origins.primary_active",
    "hud_render": {
        "should_render": true,
        "sprite_location": "origins:textures/gui/community/spiderkolo/resource_bar_03.png",
        "bar_index": 16
    },
    "condition": {
        "type": "origins:on_block",
        "block_condition": {
            "type": "origins:block",
            "block": "minecraft:air",
            "inverted": true
        }
    },
	"name": "Ravioli's Gale",
	"description": "You can launch yourself in the air pretty high using your primary ability, but you can only use it on the ground."
}