{
    "type": "origins:stacking_status_effect",
    "min_stacks": "0",
    "max_stacks": "1",
    "duration_per_stack": "40",
    "effect": {
        "effect": "minecraft:slow_falling",
        "duration": 20,
        "amplifier": 3,
        "is_ambient": true,
        "show_particles": false,
        "show_icon": false
    },
    "condition": {
        "type": "origins:power_active",
        "power": "*:glide_toggle"
    },
    "name": "Glide",
    "description": "This lets you glide when toggled",
    "hidden": true
}