{
	"type": "origins:active_self",
	"entity_action": {
        "type": "origins:and",
        "actions": [
            {
                "type": "origins:apply_effect",
                "effect": {
                    "effect": "minecraft:speed",
                    "duration": 200,
                    "amplifier": 4,
                    "show_particles": false
                }
            },
            {
                "type": "origins:exhaust",
                "amount": 0.5
            },
            {
                "type": "origins:delay",
                "ticks": 200,
                "action": {
                    "type": "origins:apply_effect",
                    "effect": {
                        "effect": "minecraft:slowness",
                        "amplifier": 2,
                        "duration": 50,
                        "show particles": false
                    }
                }
            }
        ]
	},
	"cooldown": 200,
    "key": "key.origins.secondary_active",
	"hud_render": {
		"should_render": true,
		"sprite_location": "origins:textures/gui/community/spiderkolo/resource_bar_03.png",
		"bar_index": 23
	},
	"name": "Sprinter",
	"description": "You can gain incredible speed at the cost of having to take a quick breather afterwards by using your secondary ability."
}