{
    "type": "origins:active_self",
    "entity_action": {
        "type": "origins:if_else",
        "condition": {
            "type": "origins:resource",
            "resource": "usernull:sculk_resource3",
            "comparison": ">",
            "compare_to": 20
        },
        "if_action": {
            "type": "origins:if_else",
            "condition": {
                "type": "origins:health",
                "comparison": ">",
                "compare_to": 5
            },
            "if_action": {
                "type": "origins:if_else",
                "condition": {
                    "type": "origins:submerged_in",
                    "fluid": "minecraft:water",
                    "inverted": true
                },
                "if_action": {
                    "type": "origins:and",
                    "actions": [
                        {
                            "type": "origins:play_sound",
                            "sound": "minecraft:item.lodestone_compass.lock",
                            "pitch": 2
                        },
                        {
                            "type": "origins:play_sound",
                            "sound": "minecraft:item.lodestone_compass.lock",
                            "pitch": 0.5
                        },
                        {
                            "type": "origins:play_sound",
                            "sound": "minecraft:block.conduit.attack.target",
                            "pitch": 1
                        },
                        {
                            "type": "origins:change_resource",
                            "resource": "usernull:sculk_resource",
                            "change": -1
                        },
                        {
                            "type": "origins:change_resource",
                            "resource": "usernull:sculk_resource3",
                            "change": -20
                        },
                        {
                            "type": "origins:clear_effect",
                            "effect": "minecraft:blindness"
                        },
                        {
                            "type": "origins:apply_effect",
                            "effect": {
                                "effect": "minecraft:slowness",
                                "amplifier": 1,
                                "duration": 40,
                                "show_particles": false,
                                "show_icon": false
                            }
                        },     
                        {
                            "type": "origins:delay",
                            "ticks": 2,
                            "action": {
                                "type": "origins:apply_effect",
                                "effect": {
                                    "effect": "minecraft:night_vision",
                                    "amplifier": 1,
                                    "duration": 16,
                                    "show_particles": false,
                                    "show_icon": false
                                }
                            }
                        },
                        {    
                            "type": "origins:delay",
                            "ticks": 20,
                            "action": {
                                "type": "origins:change_resource",
                                "resource": "usernull:sculk_resource",
                                "change": 1
                            }
                        }
                    ]
                },
                "else_action": {
                    "type": "origins:and",
                    "actions": [
                        {
                            "type": "origins:play_sound",
                            "sound": "minecraft:item.lodestone_compass.lock",
                            "pitch": 1
                        },
                        {
                            "type": "origins:apply_effect",
                            "effect": {
                                "effect": "minecraft:slowness",
                                "amplifier": 1,
                                "duration": 40,
                                "show_particles": false,
                                "show_icon": false
                            }
                        },    
                        {
                            "type": "origins:play_sound",
                            "sound": "minecraft:item.lodestone_compass.lock",
                            "pitch": 0.5
                        },
                        {
                            "type": "origins:play_sound",
                            "sound": "minecraft:block.conduit.attack.target",
                            "pitch": 0.5
                        },
                        {
                            "type": "origins:change_resource",
                            "resource": "usernull:sculk_resource3",
                            "change": -20
                        },
                        {
                            "type": "origins:play_sound",
                            "sound": "minecraft:ambient.underwater.loop.additions.ultra_rare",
                            "pitch": 2
                        },
                        {
                            "type": "origins:play_sound",
                            "sound": "minecraft:block.bell.resonate",
                            "pitch": 0.5
                        },
                        {
                            "type": "origins:change_resource",
                            "resource": "usernull:sculk_resource",
                            "change": -1
                        },
                        {
                            "type": "origins:clear_effect",
                            "effect": "minecraft:blindness"
                        },
                        {
                            "type": "origins:apply_effect",
                            "effect": {
                                "effect": "minecraft:nausea",
                                "amplifier": 1,
                                "duration": 200,
                                "show_particles": false,
                                "show_icon": false
                            }
                        },     
                        {
                            "type": "origins:apply_effect",
                            "effect": {
                                "effect": "minecraft:night_vision",
                                "amplifier": 1,
                                "duration": 38,
                                "show_particles": false,
                                "show_icon": false
                            }
                        },
                        {    
                            "type": "origins:delay",
                            "ticks": 40,
                            "action": {
                                "type": "origins:change_resource",
                                "resource": "usernull:sculk_resource",
                                "change": 1
                            }
                        }
                    ]
                }
            },
            "else_action": {
                "type": "origins:if_else",
                "condition": {
                    "type": "origins:and",
                    "conditions": [
                        {
                            "type": "origins:resource",
                            "resource": "usernull:sculk_resource2",
                            "comparison": "==",
                            "compare_to": 0
                        }
                    ]
                },
                "if_action": {
                    "type": "origins:and",
                    "actions": [
                        {
                            "type": "origins:change_resource",
                            "resource": "usernull:sculk_resource2",
                            "change": 1
                        },
                        {
                            "type": "origins:change_resource",
                            "resource": "usernull:sculk_resource",
                            "change": -1
                        },
                        {
                            "type": "origins:clear_effect",
                            "effect": "minecraft:blindness"
                        },
                        {
                            "type": "origins:execute_command",
                            "command": "effect give @s minecraft:night_vision 999999 1 true",
                            "permission_level": 4
                        }
                    ]
                },
                "else_action": {
                    "type": "origins:change_resource",
                    "resource": "usernull:sculk_resource2",
                    "change": 0
                }
            }
        },
        "else_action": {
            "type": "origins:change_resource",
            "resource": "usernull:sculk_resource2",
            "change": 0
        }
    },
    "cooldown": 40,
    "hud_render": {
        "should_render": false,
        "sprite_location": "origins:textures/gui/community/spiderkolo/resource_bar_02.png",
        "bar_index":7
    },
    "key": {
        "key": "key.origins.primary_active",
        "continuous": true
    },
    "name": "Echolocation",
    "description": "You release a sonic pulse that allows you to sense your surroundings for a short period of time. This action has a 2 second cooldown, and activating it slows you down."
}