{
    "type": "origins:multiple",
    "1": {
        "type": "origins:conditioned_attribute",
        "modifiers": [
            {
                "attribute": "minecraft:generic.attack_damage",
                "operation": "multiply_base",
                "value": 0.1,
                "name": "Increased attack"
            },
            {
                "attribute": "minecraft:generic.movement_speed",
                "operation": "multiply_base",
                "value": 0.1,
                "name": "Increased speed"
            }
        ],
        "tick_rate": 5,
        "condition": {
            "type": "origins:health",
        "comparison": "<",
        "compare_to": 20
        }
    },
    "2": {
        "type": "origins:conditioned_attribute",
        "modifiers": [
            {
                "attribute": "minecraft:generic.attack_damage",
                "operation": "multiply_base",
                "value": 0.2,
                "name": "Increased attack"
            },
            {
                "attribute": "minecraft:generic.movement_speed",
                "operation": "multiply_base",
                "value": 0.1,
                "name": "Increased speed"
            }
        ],
        "tick_rate": 5,
        "condition": {
            "type": "origins:health",
        "comparison": "<",
        "compare_to": 19
        }
    },
    "3": {
        "type": "origins:conditioned_attribute",
        "modifiers": [
            {
                "attribute": "minecraft:generic.attack_damage",
                "operation": "multiply_base",
                "value": 0.3,
                "name": "Increased attack"
            },
            {
                "attribute": "minecraft:generic.movement_speed",
                "operation": "multiply_base",
                "value": 0.1,
                "name": "Increased speed"
            }
        ],
        "tick_rate": 5,
        "condition": {
            "type": "origins:health",
        "comparison": "<",
        "compare_to": 18
        }
    },
    "4": {
        "type": "origins:conditioned_attribute",
        "modifiers": [
            {
                "attribute": "minecraft:generic.attack_damage",
                "operation": "multiply_base",
                "value": 0.4,
                "name": "Increased attack"
            },
            {
                "attribute": "minecraft:generic.movement_speed",
                "operation": "multiply_base",
                "value": 0.1,
                "name": "Increased speed"
            }
        ],
        "tick_rate": 5,
        "condition": {
            "type": "origins:health",
        "comparison": "<",
        "compare_to": 17
        }
    },
    "5": {
        "type": "origins:conditioned_attribute",
        "modifiers": [
            {
                "attribute": "minecraft:generic.attack_damage",
                "operation": "multiply_base",
                "value": 0.5,
                "name": "Increased attack"
            },
            {
                "attribute": "minecraft:generic.movement_speed",
                "operation": "multiply_base",
                "value": 0.1,
                "name": "Increased speed"
            }
        ],
        "tick_rate": 5,
        "condition": {
            "type": "origins:health",
        "comparison": "<",
        "compare_to": 16
        }
    },
    "6": {
        "type": "origins:conditioned_attribute",
        "modifiers": [
            {
                "attribute": "minecraft:generic.attack_damage",
                "operation": "multiply_base",
                "value": 0.6,
                "name": "Increased attack"
            },
            {
                "attribute": "minecraft:generic.movement_speed",
                "operation": "multiply_base",
                "value": 0.1,
                "name": "Increased speed"
            }
        ],
        "tick_rate": 5,
        "condition": {
            "type": "origins:health",
        "comparison": "<",
        "compare_to": 15
        }
    },
    "7": {
        "type": "origins:conditioned_attribute",
        "modifiers": [
            {
                "attribute": "minecraft:generic.attack_damage",
                "operation": "multiply_base",
                "value": 0.7,
                "name": "Increased attack"
            },
            {
                "attribute": "minecraft:generic.movement_speed",
                "operation": "multiply_base",
                "value": 0.1,
                "name": "Increased speed"
            }
        ],
        "tick_rate": 5,
        "condition": {
            "type": "origins:health",
        "comparison": "<",
        "compare_to": 14
        }
    },
    "8": {
        "type": "origins:conditioned_attribute",
        "modifiers": [
            {
                "attribute": "minecraft:generic.attack_damage",
                "operation": "multiply_base",
                "value": 0.8,
                "name": "Increased attack"
            },
            {
                "attribute": "minecraft:generic.movement_speed",
                "operation": "multiply_base",
                "value": 0.1,
                "name": "Increased speed"
            }
        ],
        "tick_rate": 5,
        "condition": {
            "type": "origins:health",
        "comparison": "<",
        "compare_to": 13
        }
    },
    "9": {
        "type": "origins:conditioned_attribute",
        "modifiers": [
            {
                "attribute": "minecraft:generic.attack_damage",
                "operation": "multiply_base",
                "value": 0.9,
                "name": "Increased attack"
            },
            {
                "attribute": "minecraft:generic.movement_speed",
                "operation": "multiply_base",
                "value": 0.1,
                "name": "Increased speed"
            }
        ],
        "tick_rate": 5,
        "condition": {
            "type": "origins:health",
        "comparison": "<",
        "compare_to": 12
        }
    },
    "10": {
        "type": "origins:conditioned_attribute",
        "modifiers": [
            {
                "attribute": "minecraft:generic.attack_damage",
                "operation": "multiply_base",
                "value": 1.0,
                "name": "Increased attack"
            },
            {
                "attribute": "minecraft:generic.movement_speed",
                "operation": "multiply_base",
                "value": 0.1,
                "name": "Increased speed"
            }
        ],
        "tick_rate": 5,
        "condition": {
            "type": "origins:health",
        "comparison": "<",
        "compare_to": 11
        }
    },
    "11": {
        "type": "origins:conditioned_attribute",
        "modifiers": [
            {
                "attribute": "minecraft:generic.attack_damage",
                "operation": "multiply_base",
                "value": 1.1,
                "name": "Increased attack"
            },
            {
                "attribute": "minecraft:generic.movement_speed",
                "operation": "multiply_base",
                "value": 0.1,
                "name": "Increased speed"
            }
        ],
        "tick_rate": 5,
        "condition": {
            "type": "origins:health",
        "comparison": "<",
        "compare_to": 10
        }
    },
    "12": {
        "type": "origins:conditioned_attribute",
        "modifiers": [
            {
                "attribute": "minecraft:generic.attack_damage",
                "operation": "multiply_base",
                "value": 1.2,
                "name": "Increased attack"
            },
            {
                "attribute": "minecraft:generic.movement_speed",
                "operation": "multiply_base",
                "value": 0.1,
                "name": "Increased speed"
            }
        ],
        "tick_rate": 5,
        "condition": {
            "type": "origins:health",
        "comparison": "<",
        "compare_to": 9
        }
    },
    "13": {
        "type": "origins:conditioned_attribute",
        "modifiers": [
            {
                "attribute": "minecraft:generic.attack_damage",
                "operation": "multiply_base",
                "value": 1.3,
                "name": "Increased attack"
            },
            {
                "attribute": "minecraft:generic.movement_speed",
                "operation": "multiply_base",
                "value": 0.1,
                "name": "Increased speed"
            }
        ],
        "tick_rate": 5,
        "condition": {
            "type": "origins:health",
        "comparison": "<",
        "compare_to": 8
        }
    },
    "14": {
        "type": "origins:conditioned_attribute",
        "modifiers": [
            {
                "attribute": "minecraft:generic.attack_damage",
                "operation": "multiply_base",
                "value": 1.4,
                "name": "Increased attack"
            },
            {
                "attribute": "minecraft:generic.movement_speed",
                "operation": "multiply_base",
                "value": 0.1,
                "name": "Increased speed"
            }
        ],
        "tick_rate": 5,
        "condition": {
            "type": "origins:health",
        "comparison": "<",
        "compare_to": 7
        }
    },
    "15": {
        "type": "origins:conditioned_attribute",
        "modifiers": [
            {
                "attribute": "minecraft:generic.attack_damage",
                "operation": "multiply_base",
                "value": 1.5,
                "name": "Increased attack"
            },
            {
                "attribute": "minecraft:generic.movement_speed",
                "operation": "multiply_base",
                "value": 0.1,
                "name": "Increased speed"
            }
        ],
        "tick_rate": 5,
        "condition": {
            "type": "origins:health",
        "comparison": "<",
        "compare_to": 6
        }
    },
    "16": {
        "type": "origins:conditioned_attribute",
        "modifiers": [
            {
                "attribute": "minecraft:generic.attack_damage",
                "operation": "multiply_base",
                "value": 1.6,
                "name": "Increased attack"
            },
            {
                "attribute": "minecraft:generic.movement_speed",
                "operation": "multiply_base",
                "value": 0.1,
                "name": "Increased speed"
            }
        ],
        "tick_rate": 5,
        "condition": {
            "type": "origins:health",
        "comparison": "<",
        "compare_to": 5
        }
    },
    "17": {
        "type": "origins:conditioned_attribute",
        "modifiers": [
            {
                "attribute": "minecraft:generic.attack_damage",
                "operation": "multiply_base",
                "value": 1.7,
                "name": "Increased attack"
            },
            {
                "attribute": "minecraft:generic.movement_speed",
                "operation": "multiply_base",
                "value": 0.1,
                "name": "Increased speed"
            }
        ],
        "tick_rate": 5,
        "condition": {
            "type": "origins:health",
        "comparison": "<",
        "compare_to": 4
        }
    },
    "18": {
        "type": "origins:conditioned_attribute",
        "modifiers": [
            {
                "attribute": "minecraft:generic.attack_damage",
                "operation": "multiply_base",
                "value": 1.8,
                "name": "Increased attack"
            },
            {
                "attribute": "minecraft:generic.movement_speed",
                "operation": "multiply_base",
                "value": 0.1,
                "name": "Increased speed"
            }
        ],
        "tick_rate": 5,
        "condition": {
            "type": "origins:health",
        "comparison": "<",
        "compare_to": 3
        }
    },
    "19": {
        "type": "origins:conditioned_attribute",
        "modifiers": [
            {
                "attribute": "minecraft:generic.attack_damage",
                "operation": "multiply_base",
                "value": 1.9,
                "name": "Increased attack"
            },
            {
                "attribute": "minecraft:generic.movement_speed",
                "operation": "multiply_base",
                "value": 0.1,
                "name": "Increased speed"
            }
        ],
        "tick_rate": 5,
        "condition": {
            "type": "origins:health",
        "comparison": "<",
        "compare_to": 2
        }
    },
    "name": "Aggression",
    "description": "You grow exponentially stronger and faster as you lose health. When at 5 hearts, you are over 7x more powerful. At half a heart, you are 22x more powerful."
}