{
    "type": "origins:self_action_on_kill",
    "name": "Apex Preditor",
    "description": "Killing Gives You 5 Seconds Of Regeneration 2",
    "entity_action": {
        "type": "origins:apply_effect",
        "effect": {
          "effect": "minecraft:regeneration",
          "duration": 100,
          "amplifier": 1
        }
    },
    "cooldown": 40,
    "hud_render": {
        "should_render": true,
        "sprite_location": "origins:textures/gui/community/spiderkolo/resource_bar_01.png",
        "bar_index": 5
    }
}