{
    "type": "origins:modify_food",
    "name": "Fish Diet",
    "description": "Tropical Fish Is As Good As Steak",
    "item_condition": {
        "type": "origins:ingredient",
        "ingredient": {
            "item": "minecraft:tropical_fish"
        }
    },
    "food_modifier": {
        "name": "Increased food points",
        "operation": "addition",
        "value": 7.0
    },
    "saturation_modifier": {
        "name": "Increased saturation points",
        "operation": "addition",
        "value": 12.6
    }
}