{
    "type": "origins:modify_damage_dealt",
    "name": "Water Hunter",
    "description": "You Deal More Damage When Submerged In Water",
    "condition": {
        "type": "origins:in_block_anywhere",
        "block_condition": {
            "type": "origins:block",
            "block": "minecraft:water"
        },
        "comparison": ">=",
        "compare_to": 1
    },
    "modifier": {
        "name": "Extra damage when submerged",
        "operation": "addition",
        "value": 2.0
    }
}