{
	"powers": [
		"usernull:sculk_blind",
		"usernull:sculk_color",
		"usernull:sculk_echolocation",
		"usernull:sculk_shader",
		"usernull:sculk_movement",
		"usernull:sculk_sense",
		"usernull:sculk_underground",
		"usernull:sculk_riddick",
		"usernull:sculk_attribute1",
		"usernull:sculk_attribute2",
		"usernull:sculk_attribute3",
		"usernull:sculk_resource",
		"usernull:sculk_resource2",
		"usernull:sculk_resource3",
		"usernull:sculk_rage",
		"usernull:sculk_aggro"
	],
	"icon": "minecraft:end_portal_frame",
	"order": 4,
	"impact": 3,
	"name": "Sculken",
	"description": "You hail from a tribe of Sculk-Human hybrids that devolved the need for sight. As a Sculken, you must rely on your heightened sense of sound and vibrations to navigate this world."
}