{
    "type": "origins:active_self",
    "entity_action": {
        "type": "origins:if_else",
        "condition": {
            "type": "origins:resource",
            "resource": "redstone:detective_bar",
            "comparison": ">",
            "compare_to": 20
        },
        "if_action": {
                    "type": "origins:and",
                    "actions": [
                        {
                            "type": "origins:play_sound",
                            "sound": "minecraft:item.lodestone_compass.lock",
                            "pitch": 2
                        },
                        {
                            "type": "origins:play_sound",
                            "sound": "minecraft:item.lodestone_compass.lock",
                            "pitch": 0.5
                        },
                        {
                            "type": "origins:play_sound",
                            "sound": "minecraft:block.conduit.attack.target",
                            "pitch": 1
                        },
                        {
                            "type": "origins:change_resource",
                            "resource": "redstone:sculk_resource",
                            "change": -1
                        },
                        {
                            "type": "origins:change_resource",
                            "resource": "redstone:detective_bar",
                            "change": -300
                        },
                        {
                            "type": "origins:apply_effect",
                            "effect": {
                                "effect": "minecraft:blindness",
                                "amplifier": 1,
                                "duration": 100,
                                "show_particles": false,
                                "show_icon": false
                            }
                        },     
                        {
                            "type": "origins:delay",
                            "ticks": 2,
                            "action": {
                                "type": "origins:apply_effect",
                                "effect": {
                                    "effect": "minecraft:night_vision",
                                    "amplifier": 1,
                                    "duration": 16,
                                    "show_particles": false,
                                    "show_icon": false
                                }
                            }
                        }
                    ]
                }
        },
    "cooldown": 40,
    "hud_render": {
        "should_render": false,
        "sprite_location": "origins:textures/gui/community/spiderkolo/resource_bar_02.png",
        "bar_index":7
    },
    "key": {
        "key": "key.origins.primary_active",
        "continuous": true
    },
    "name": "Scan",
    "description": "able to scan all nearby entities and view their health but it makes it harder to see your surroundings"
}