{
    "type": "origins:multiple",
    "hidden": true,
    "toggle": {
        "type": "origins:toggle",
        "active_by_default": false
    },
    "shader": {
        "type": "origins:shader",
        "shader": "minecraft:shaders/post/sobel.json",
        "condition": {
            "type": "origins:and",
            "conditions": [
                {
                    "type": "origins:power_active",
                    "power": "*:*_toggle",
                    "inverted": false
                },
				{
                "type": "origins:resource",
                "inverted": false,
                "comparison": ">",
                "compare_to": 20,
                "resource": "redstone:detective_bar"
				}
            ],
            "inverted": false
        }
    },
    "glowing": {
        "type": "origins:entity_glow",
        "hidden": true,
        "condition": {
            "type": "origins:and",
            "conditions": [
                {
                    "type": "origins:power_active",
                    "power": "*:*_toggle",
                    "inverted": false
                },
				{
                "type": "origins:resource",
                "inverted": false,
                "comparison": ">",
                "compare_to": 20,
                "resource": "redstone:detective_bar"
				}
            ],
            "inverted": false
        }
    }
}