{
    "type": "origins:multiple",
    "up": {
        "type": "origins:action_over_time",
        "entity_action": {
            "type": "origins:change_resource",
            "resource": "redstone:detective_bar",
            "change": 10
        },
        "interval": 1,
        "condition": {
            "type": "origins:resource",
            "resource": "redstone:sculk_resource2",
            "comparison": "==",
            "compare_to": 0
        }
    },
    "down": {
        "type": "origins:action_over_time",
        "entity_action": {
            "type": "origins:change_resource",
            "resource": "redstone:detective_bar",
            "change": -2
        },
        "interval": 1,
        "condition": {
            "type": "origins:resource",
            "resource": "redstone:sculk_resource2",
            "comparison": "==",
            "compare_to": 1
        }
    },
    "roar": {
        "type": "origins:action_over_time",
        "entity_action": {
            "type": "origins:play_sound",
            "sound": "minecraft:entity.ender_dragon.ambient",
            "volume": 2,
            "pitch": 2
        },
        "interval": 1,
        "condition": {
            "type": "origins:resource",
            "resource": "redstone:sculk_resource2",
            "comparison": "==",
            "compare_to": 1
        }
    },
    "check": {
        "type": "origins:action_over_time",
        "entity_action": {
            "type": "origins:change_resource",
            "resource": "redstone:sculk_resource2",
            "change": -1
        },
        "interval": 1,
        "condition": {
            "type": "origins:and",
            "conditions": [
                {
                    "type": "origins:resource",
                    "resource": "redstone:detective_bar",
                    "comparison": "<",
                    "compare_to": 2
                },
                {
                    "type": "origins:resource",
                    "resource": "redstone:sculk_resource2",
                    "comparison": "==",
                    "compare_to": 1
                }
            ]
        }
    },
    "reapply": {
        "type": "origins:action_over_time",
        "entity_action": {
            "type": "origins:change_resource",
            "resource": "redstone:sculk_resource",
            "change": 1
        },
        "interval": 1,
        "condition": {
            "type": "origins:and",
            "conditions": [
                {
                    "type": "origins:resource",
                    "resource": "redstone:detective_bar",
                    "comparison": "<",
                    "compare_to": 2
                },
                {
                    "type": "origins:resource",
                    "resource": "redstone:sculk_resource2",
                    "comparison": "==",
                    "compare_to": 1
                }
            ]
        }
    },
	"hidden": true
}