{
    "type": "origins:active_self",
    "entity_action": {
        "type": "origins:and",
        "actions": [
            {
                "type":"origins:choice",
                "actions": [
                    {
                        "element": {
                            "type": "origins:give",
                            "stack": {
                                "item": "minecraft:dispenser",
                                "amount": 1
                            }
                        },
                        "weight": 4
                    },
                    {
                        "element": {
                            "type": "origins:give",
                            "stack": {
                                "item": "minecraft:sticky_piston",
                                "amount": 2
                            }
                        },
                        "weight": 4
                    },
                    {
                        "element": {
                            "type": "origins:give",
                            "stack": {
                                "item": "minecraft:piston",
                                "amount": 2
                            }
                        },
                        "weight": 8
                    },
					                    {
                        "element": {
                            "type": "origins:give",
                            "stack": {
                                "item": "minecraft:sculk_sensor",
                                "amount": 1
                            }
                        },
                        "weight": 8
                    },
                    {
                        "element": {
                            "type": "origins:give",
                            "stack": {
                                "item": "minecraft:tnt",
                                "amount": 1
                            }
                        },
                        "weight": 12
                    },
                    {
                        "element": {
                            "type": "origins:give",
                            "stack": {
                                "item": "minecraft:redstone_torch",
                                "amount": 1
                            }
                        },
                        "weight": 4
                    },
                    {
                        "element": {
                            "type": "origins:give",
                            "stack": {
                                "item": "minecraft:redstone_lamp",
                                "amount": 1
                            }
                        },
                        "weight": 12
                    },
                    {
                        "element": {
                            "type": "origins:give",
                            "stack": {
                                "item": "minecraft:dropper",
                                "amount": 1
                            }
                        },
                        "weight": 8
                    },
                    {
                        "element": {
                            "type": "origins:give",
                            "stack": {
                                "item": "minecraft:hopper",
                                "amount": 5
                            }
                        },
                        "weight": 4
                    },
                    {
                        "element": {
                            "type": "origins:give",
                            "stack": {
                                "item": "minecraft:observer",
                                "amount": 4
                            }
                        },
                        "weight": 4
                    },
                    {
                        "element": {
                            "type": "origins:give",
                            "stack": {
                                "item": "minecraft:repeater",
                                "amount": 1
                            }
                        },
                        "weight": 16
                    },
                    {
                        "element": {
                            "type": "origins:give",
                            "stack": {
                                "item": "minecraft:comparator",
                                "amount": 1
                            }
                        },
                        "weight": 12
                    }
                ]
            },
            {
                "type":"origins:choice",
                "actions": [
                    {
                        "element": {
                            "type": "origins:give",
                            "stack": {
                                "item": "minecraft:slime_block",
                                "amount": 3
                            }
                        },
                        "weight": 18
                    },
                    {
                        "element": {
                            "type": "origins:give",
                            "stack": {
                                "item": "minecraft:honey_block",
                                "amount": 3
                            }
                        },
                        "weight": 12
                    },
                    {
                        "element": {
                            "type": "origins:give",
                            "stack": {
                                "item": "minecraft:oak_pressure_plate",
                                "amount": 1
                            }
                        },
                        "weight": 18
                    },
                    {
                        "element": {
                            "type":"origins:and",
                            "actions": [
                                {
                                    "type": "origins:give",
                                    "stack": {
                                    "item": "minecraft:tripwire_hook",
                                    "amount": 2
                                    }
                                },
                                {
                                    "type": "origins:give",
                                    "stack": {
                                    "item": "minecraft:string",
                                    "amount": 1
                                    }
                                }
                            ]
                        },
                        "weight": 6
                    },
                    {
                        "element": {
                            "type": "origins:give",
                            "stack": {
                                "item": "minecraft:observer",
                                "amount": 1
                            }
                        },
                        "weight": 18
                    },
                    {
                        "element": {
                            "type": "origins:give",
                            "stack": {
                                "item": "minecraft:sticky_piston",
                                "amount": 2
                            }
                        },
                        "weight": 12
                    },
                    {
                        "element": {
                            "type": "origins:give",
                            "stack": {
                                "item": "minecraft:daylight_detector",
                                "amount": 1
                            }
                        },
                        "weight": 6
                    },
                    {
                        "element": {
                            "type": "origins:give",
                            "stack": {
                                "item": "minecraft:target",
                                "amount": 1
                            }
                        },
                        "weight": 6
                    }
                ]
            },
            {
                "type": "origins:give",
                "stack": {
                    "item":"minecraft:redstone",
                    "amount": 20
                }
            }
        ]
    },
    "cooldown":650,
    "hud_render": {
        "should_render": true,
        "field_name": {
            "sprite_location": "origins:te8tures/gui/community/spiderkolo/resource_bar_02.png",
            "bar_inde8": 1
        }
    },
    "key": {
        "key": "key.origins.secondary_active",
        "continuous": true
    },
    "name": "Fabrication",
    "description": "You can fabricate a random redstone component but it has a long cooldown (secondary)"
}