{
	"powers": [
		"speedster:speed",
		"speedster:phasing",
		"speedster:faster",
		"speedster:forcehealing",
		"speedster:walk_on_water",
		"speedster:celldying",
		"origins:more_exhaustion",
		"speedster:vulnerable",
		"speedster:phantomize",
		"speedster:as_one",
		"speedster:as_two",
		"speedster:hurl",
		"speedster:armour",
		"speedster:mine",
		"speedster:speeding_dash",
		"origins:fall_immunity",
		"speedster:fast"

	],
	"icon": "minecraft:sugar",
	"order": 18,
	"impact": 3,
	"name": "Speedster",
	"description": "The ultimate speedster - sharp perception and insane speed."
}