{
    "type": "origins:active_self",
    "entity_action": {
        "type": "origins:execute_command",
        "command": "execute as @s run team join slate",
        "permission_level": 4
        },
        "condition": {
		"type": "origins:and",
		"conditions": [
		{
			"type": "origins:resource",
            "resource": "*:shadow_shadow_resource",
            "comparison": ">",
            "compare_to": 0
		},
		{      
			"type": "origins:power_active",
			"power": "*:shadow_toggle"
		}
	]
	},
    "cooldown": 0,
    "hud_render": {
        "should_render": false
    },
	"hidden": true
}