{
    "type": "origins:active_self",
    "entity_action": {
        "type": "origins:and",
        "actions": [
        {
            "type": "origins:add_velocity",
            "z": 1,
            "space": "local",
            "set": true
        },
        {
            "type": "origins:change_resource",
            "resource": "blue:dash",
            "change": -100
        }
      ]
    },
    "condition": {
        "type": "origins:resource",
        "resource": "blue:dash",
        "comparison": ">",
        "compare_to": 99
    },
    "hud_render": {
        "should_render": false
    },
    "cooldown": 0,
    "key": {
        "key": "key.origins.secondary_active"
    },
    "name": "Water Jet",
    "description": "[Secondary Active]You propel yourself using water. You use steam in the nether."
}