{
    "type": "origins:prevent_death",
    "entity_action": {
        "type": "origins:and",
        "actions": [
        {
            "type": "origins:execute_command",
            "command": "fill ~ ~ ~ ~ ~ ~ water"
        },
        {
            "type": "origins:execute_command",
            "command": "kill @s"
        }
      ]
    },
    "condition": {
        "type": "origins:dimension",
        "dimension": "minecraft:the_nether",
        "inverted": true
    },
    "name": "Water Remnants",
    "description": "You leave water behind when you die. This doesn't work in the nether."
}