{
    "type": "origins:conditioned_attribute",
    "modifier": {
        "attribute": "minecraft:generic.attack_damage",
        "operation": "multiply_base",
        "value": 1
    },
    "tick_rate": 20,
    "condition": {
        "type": "origins:or",
        "conditions": [
        {
            "type": "origins:fluid_height",
            "fluid": "minecraft:water",
            "comparison": ">",
            "compare_to": 0
        },
        {
            "type": "origins:in_rain"
        }
      ]
    },
    "name": "Operation Water Boi",
    "description": "You have two times strength when you are in contact with water or when it's raining."
}