{
    "type": "origins:active_self",
    "entity_action": {
        "type": "origins:and",
        "actions": [
        {
            "type": "origins:execute_command",
            "command": "fill ~ ~-1 ~ ~ ~-1 ~ ice",
            "permission_level": 4
        },
        {
            "type": "origins:change_resource",
            "resource": "blue:rolly",
            "change": -100
        },
        {
            "type": "origins:delay",
            "ticks": 40,
            "action": {
            "type": "origins:execute_command",
            "command": "fill ~-15 ~-15 ~-15 ~15 ~15 ~15 air replace ice",
            "permission_level": 4
            }
        }
      ]
    },
    "condition": {
        "type": "origins:and",
        "conditions": [
        {
        "type": "origins:resource",
        "resource": "blue:rolly",
        "comparison": ">",
        "compare_to": 99
        },
        {
            "type": "origins:sneaking",
            "inverted": true
        }
      ]
    },
    "hud_render": {
        "should_render": false
    },
    "key": {
        "key": "key.origins.primary_active"
    },
    "cooldown": 0,
    "name": "Water Compaction",
    "description": "[Primary Active When Not Sneaking]You convert your sweat into ice."
}