{
    "type": "origins:action_over_time",
    "entity_action": {
        "type": "origins:apply_effect",
        "effects": [
        {
            "effect": "minecraft:regeneration",
            "is_ambient": true,
            "show_particles": false,
            "show_icon": false,
            "duration": 23
        },
        {
            "effect": "minecraft:dolphins_grace",
            "is_ambient": true,
            "show_particles": false,
            "show_icon": false,
            "duration": 23
        }
      ]
    },
    "interval": 10,
    "condition": {
        "type": "origins:fluid_height",
        "fluid": "minecraft:water",
        "comparison": ">",
        "compare_to": 0
    },
    "name": "Water Boost",
    "description": "You gain a boost in the water. You can also walk on water if you don't want to walk on water you can go down by sneaking."
}