{
    "type": "origins:active_self",
    "entity_action": {
        "type": "origins:and",
        "actions": [{
            "type": "origins:delay",
            "ticks": 1,
            "action": {
        "type": "origins:spawn_effect_cloud",
        "radius": 25.0,
        "wait_time": 0,
        "effect": {
          "effect": "minecraft:levitation",
          "amplifier": 30,
          "duration": 20,
          "show_icon": false,
          "show_particles": false
        }
        }
        },
        {
            "type": "origins:delay",
            "ticks": 8,
            "action": {
                "type": "origins:execute_command",
                "command": "kill @e[type=area_effect_cloud]"
            }
        },
        {
            "type": "origins:apply_effect",
            "effect": {
              "effect": "minecraft:levitation",
              "duration": 10,
              "amplifier": 20
        }
        }

      ]
    },
    "cooldown": 500,
    "key": {
        "key": "key.origins.primary_active"
    },
    "condition": {
        "type": "origins:sneaking"
    },
    "hud_render": {
        "should_render": true,
        "sprite_location": "origins:textures/gui/community/spiderkolo/resource_bar_03.png",
        "bar_index": 12
    },
    "name": "Water Thrust",
    "description": "[Primary Key When Sneaking] You thrust any entity nearby into the air.(has to be on the same level as you and can easily be negated by jumping)"
}