{
	"powers": [
		"origins:fresh_air",
		"origins:claustrophobia",
		"origins:tailwind",
		"origins:vegetarian",
		"origins:elytra",
		"bird:gain_air",
		"bird:sprint",
		"bird:glide_toggle",
		"bird:glide_slowfall",
		"bird:mailbag"
	],
	"icon": "minecraft:feather",
	"order": 10,
	"impact": 2,
	"name": "Rito",
	"description": "A race from the great sea of Wind Waker has ended up inside of the famous blocky game, and you still have some of the features from your previous game."
}
