{
   "type": "origins:self_action_on_kill",
   "entity_action": {
      "type": "origins:and",
      "actions": [
         {
            "type": "origins:apply_effect",
            "effect": {
               "effect": "minecraft:regeneration",
               "amplifier": 10,
               "duration": 80
            }
         },
         {
            "type": "origins:apply_effect",
            "effect": {
               "effect": "minecraft:strength",
               "amplifier": 1,
               "duration": 80
            }
         },
         {
            "type": "origins:execute_command",
            "command": "playsound minecraft:entity.enderman.scream hostile @p",
            "permission_level": 4
         },
         {
            "type": "origins:execute_command",
            "command": "particle minecraft:enchanted_hit ~ ~1 ~ 0 0 0 0.5 100"
         }
      ]
   },
   "cooldown": 0,
   "hud_render": {
      "should_render": false
   },
   "name": "Blood Lust",
   "description": "When killing things get a boost in regeneration."
}