{
  "type": "origins:active_self",
  "name": "Striking Dash [Primary]",
  "loading_priority": 0,
  "description": "You dash forward and get strength to hit an enemy.",
  "cooldown": 250,
  "entity_action": {
    "type": "origins:and",
    "actions": [
      {
        "type": "origins:add_velocity",
        "space": "local",
        "set": true,
        "z": 2
      },
      {
        "type": "origins:apply_effect",
        "effect": {
          "effect": "minecraft:strength",
          "duration": 70,
          "amplifier": 4
        }
      },
      {
        "type": "origins:apply_effect",
        "effect": {
          "effect": "minecraft:speed",
          "duration": 70,
          "amplifier": 2
        }
      }
    ]
  },
  "hud_render": {
    "should_render": true,
    "sprite_location": "origins:textures/gui/community/spiderkolo/resource_bar_02.png",
    "bar_index": 2
  },
  "key": {
    "key": "key.origins.primary_active",
    "continuous": false
  }

}