{
	"type": "origins:restrict_armor",
	"head": {
		"type": "origins:ingredient",
		"ingredient": {
			"tag": "speed_force:helmet"
		}
	},
	"chest": {
		"type": "origins:ingredient",
		"ingredient": {
			"tag": "speed_force:chestplate"
		}
	},
	"legs": {
		"type": "origins:ingredient",
		"ingredient": {
			"tag": "speed_force:leggings"
		}
	},
	"feet": {
		"type": "origins:ingredient",
		"ingredient": {
			"tag": "speed_force:boots"
		}
	},
	"name": "Friction Proof",
	"description": "You need a friction proof suit, hence you wear only leather and netherite armour."
}