{
    "type": "origins:stacking_status_effect",
    "min_stacks": 0,
    "max_stacks": 1,
    "duration_per_stack": 20,
    "effect": {
        "effect": "minecraft:wither",
        "duraction": 20,
        "amplifier": 1,
        "is_ambient": true,
        "show_particles": false,
        "show_icon": false
    },
    "condition": {
        "type": "origins:power_active",
        "power": "speedster:phantomize"
    },
    "name": "Phasing Through Air",
    "description": "While phasing, air also passes through you - this damages you.",
    "hidden": false
}