{
  "type": "origins:action_on_callback",
  "entity_action_chosen": {
    "type": "origins:execute_command",
    "command": "scale set pehkui:motion 2 @s",
    "permission_level": 4
  },
  "entity_action_removed": {
    "type": "origins:execute_command",
    "command": "scale set pehkui:motion 1 @s",
    "permission_level": 4
  },
  "entity_action_respawned": {
    "type": "origins:execute_command",
    "command": "scale set pehkui:motion 2 @s",
    "permission_level": 4
  },
  "execute_chosen_when_orb": true,

  "name": "Extra energy",
  "description": "Able to do everything 2x as fast"
}