{
  "type": "origins:stacking_status_effect",
  "min_stacks": 0,
  "max_stacks": 1,
  "duration_per_stack": 20,
  "effect": {
      "effect": "minecraft:regeneration",
      "duration": 200,
      "amplifier": 1,
      "is_ambient": true,
      "show_particles": false,
      "show_icon": false
  },
  "condition": {
	  "type": "origins:power_active",
	  "power": "speedster:speed",
	  "inverted": true
  },
  "name": "Healing",
  "description": "You use your speed to heal your wounds way faster then any normal person."
}