{
  "type": "origins:active_self",
  "entity_action": {
  "type": "origins:execute_command",
      "command": "summon lightning_bolt ^ ^ ^6",
      "permission_level": 4
  },
    "condition": {
        "type": "origins:and",
        "conditions": [{
        "type": "origins:power_active",
        "power": "speedster:fast"
  },
    {
  "type": "origins:sneaking"
    }
 ]
},
  "cooldown": 100,
  "hud_render": {
    "should_render": true,
    "bar_index": 2
  },
    "key": {
    "key": "key.origins.ternary_active"
  },
    "name": "Strike Down",
    "description": "Hurl the lightning generated from your speed by sneaking while in the speed force and pressing the ternary key."
}