{
  "type": "origins:phasing",
  "blacklist": true,
  "render_type": "blindness",
  "view_distance": 10,
  "block_condition": {
    "type": "origins:in_tag",
    "tag": "origins:unphasable"
  },
  "phase_down_condition": {
    "type": "origins:and",
    "conditions": [
      {
        "type": "origins:sneaking"
      },
      {
        "type": "origins:on_block"
      }
    ]
  },
  "condition": {
    "type": "origins:power_active",
    "power": "speedster:phantomize"
  },
  "name": "Frequency of Air",
	"description": "Upon pressing the secondary ability key, your cells begin to vibrate at the natural frequency of air, making you shake but also able to phase through any matter that isn't too dense."
}