{
	"type": "origins:active_self",
	"entity_action": {
		"type": "origins:add_velocity",
		"z": 50,
		"space": "local"
	},
	"condition": {
		"type": "origins:and",
		"conditions": [{
				"type": "origins:sneaking",
				"inverted": true
			},
			{
				"type": "origins:power_active",
				"power": "speedster:fast"
			}
		]
	},
	"cooldown": 40,
	"hud_render": {
		"should_render": true,
		"sprite_location": "origins:textures/gui/community/spiderkolo/resource_bar_03.png",
		"bar_index": 15
	},
	"key": {
		"key": "key.origins.quaternary_active"
	},
	"name": "Speeding Dash",
	"description": "While in the speed force, by pressing the quaternary key you create an air vortex launching you in the direction you're looking."
}