{
	"powers": [
		"undeadscontroller:scoreboard",
		"undeadscontroller:hotbar_select",
		
		"undeadscontroller:undeadenergy",
		"undeadscontroller:moredamage",
		"undeadscontroller:nightborn",

		
		"undeadscontroller:summonundead",
		"undeadscontroller:cooldownsummon",
		"undeadscontroller:transformundead",
		"undeadscontroller:cooldowntransform",
		
		"undeadscontroller:undeadabsorption",
		"undeadscontroller:undeadattraction",
		"undeadscontroller:undeadfreeze",
		"undeadscontroller:undeadattack",
		"undeadscontroller:undeadhorse",
		
		"undeadscontroller:hunger_on_hit",
		"undeadscontroller:blind_on_hit",
		"undeadscontroller:sneak",
		"undeadscontroller:nightvis",
		"undeadscontroller:lesshealth",
		"undeadscontroller:undead",
		"undeadscontroller:sunken",
		"origins:aqua_affinity",

		"undeadscontroller:untrust_1",
		"undeadscontroller:untrust_2",
		"undeadscontroller:untrust_3"
	],
    "icon": "minecraft:bone",
    "order": 13,
    "impact": 3,
	"name": "Shadow Monarch",
	"description": "A being with power of the dead and shadow you hide away while you let your comrades fight in your steeds"
}