{
	"powers": [
		"beeorigin:flight",
		"origins:slow_falling",
		"beeorigin:poisonous",
		"beeorigin:poison",
		"beeorigin:flowers",
		"beeorigin:honey",
		"beeorigin:food",
		"beeorigin:foods",
		"beeorigin:plant",
		"beeorigin:lifespan",
		"origins:water_vulnerability",
		"beeorigin:nighttime",
		"beeorigin:fire",
		"beeorigin:hot",
		"beeorigin:death",
		"beeorigin:small",
		"beeorigin:bees",
		"beeorigin:particles",
		"beeorigin:sugar",
		"beeorigin:slow"


		
	],
	"icon": "minecraft:honeycomb",
	"order": 7,
	"impact": 2,
	"name": "Bumblebee",
	"description":"A bumbling bee, trying to bounce its way happily through life!"
}