{
    "type": "origins:action_over_time",
	"name": "Camaraderie",
	"description": "Birds of a feather flock together. Most undead mobs are no longer hostile toward you.",
    "interval": 20,
    "entity_action": {
        "type": "origins:and",
        "actions": [
			{
                "type": "origins:execute_command",
                "permission_level": 4,
                "command": "team add undead"
            },
            {
                "type": "origins:execute_command",
                "permission_level": 4,
                "command": "team join undead @s"
            },
            {
                "type": "origins:execute_command",
                "permission_level": 4,
                "command": "team join undead @e[type=minecraft:skeleton]"
            },
            {
                "type": "origins:execute_command",
                "permission_level": 4,
                "command": "team join undead @e[type=minecraft:zombie]"
            },
            {
                "type": "origins:execute_command",
                "permission_level": 4,
                "command": "team join undead @e[type=minecraft:zombie_villager]"
            },
            {
                "type": "origins:execute_command",
                "permission_level": 4,
                "command": "team join undead @e[type=minecraft:drowned]"
            },
            {
                "type": "origins:execute_command",
                "permission_level": 4,
                "command": "team join undead @e[type=minecraft:stray]"
            },
            {
                "type": "origins:execute_command",
                "permission_level": 4,
                "command": "team join undead @e[type=minecraft:husk]"
            },
            {
                "type": "origins:execute_command",
                "permission_level": 4,
                "command": "team join undead @e[type=minecraft:phantom]"
            }
        ]
    }
}