 {
 	"type": "origins:active_self",
 	"key": {
 		"key": "key.origins.secondary_active"
 	},
 	"entity_action": {
 		"type": "origins:and",
 		"actions": [{
 				"type": "origins:execute_command",
 				"command": "summon skeleton_horse ~-2 ~ ~ {Tame:1,SaddleItem:{id:saddle,Count:1}}"
 			},
 			{
 				"type": "origins:execute_command",
 				"command": "playsound entity.evoker.cast_spell ambient @p ~ ~ ~"
 			}
 		]
 	},
 	"cooldown": 600,
  "hud_render": {
    "sprite_location": "origins:textures/gui/community/spiderkolo/resource_bar_03.png",
    "bar_index": 5
 	},
 	"name": "Fallen Steed",
 	"description": "You channel your magical power, and summon for yourself a skeletal horse."
 }